match_id,season,start_date,venue,innings,ball,batting_team,bowling_team,striker,non_striker,bowler,runs_off_bat,extras,wides,noballs,byes,legbyes,penalty,wicket_type,player_dismissed,other_wicket_type,other_player_dismissed
915785,2015/16,2015-11-11,R Premadasa Stadium,1,0.1,West Indies,Sri Lanka,ADS Fletcher,J Charles,SL Malinga,0,0,,,,,,,,,
915785,2015/16,2015-11-11,R Premadasa Stadium,1,0.2,West Indies,Sri Lanka,ADS Fletcher,J Charles,SL Malinga,0,0,,,,,,,,,
915785,2015/16,2015-11-11,R Premadasa Stadium,1,0.3,West Indies,Sri Lanka,ADS Fletcher,J Charles,SL Malinga,0,0,,,,,,,,,
915785,2015/16,2015-11-11,R Premadasa Stadium,1,0.4,West Indies,Sri Lanka,ADS Fletcher,J Charles,SL Malinga,0,0,,,,,,,,,
915785,2015/16,2015-11-11,R Premadasa Stadium,1,0.5,West Indies,Sri Lanka,ADS Fletcher,J Charles,SL Malinga,0,0,,,,,,,,,
915785,2015/16,2015-11-11,R Premadasa Stadium,1,0.6,West Indies,Sri Lanka,ADS Fletcher,J Charles,SL Malinga,0,1,1,,,,,,,,
915785,2015/16,2015-11-11,R Premadasa Stadium,1,0.7,West Indies,Sri Lanka,ADS Fletcher,J Charles,SL Malinga,0,0,,,,,,,,,
915785,2015/16,2015-11-11,R Premadasa Stadium,1,1.1,West Indies,Sri Lanka,J Charles,ADS Fletcher,KMDN Kulasekara,2,0,,,,,,,,,
915785,2015/16,2015-11-11,R Premadasa Stadium,1,1.2,West Indies,Sri Lanka,J Charles,ADS Fletcher,KMDN Kulasekara,0,0,,,,,,,,,
915785,2015/16,2015-11-11,R Premadasa Stadium,1,1.3,West Indies,Sri Lanka,J Charles,ADS Fletcher,KMDN Kulasekara,0,0,,,,,,,,,
915785,2015/16,2015-11-11,R Premadasa Stadium,1,1.4,West Indies,Sri Lanka,J Charles,ADS Fletcher,KMDN Kulasekara,0,1,1,,,,,,,,
915785,2015/16,2015-11-11,R Premadasa Stadium,1,1.5,West Indies,Sri Lanka,J Charles,ADS Fletcher,KMDN Kulasekara,1,0,,,,,,,,,
915785,2015/16,2015-11-11,R Premadasa Stadium,1,1.6,West Indies,Sri Lanka,ADS Fletcher,J Charles,KMDN Kulasekara,0,0,,,,,,,,,
915785,2015/16,2015-11-11,R Premadasa Stadium,1,1.7,West Indies,Sri Lanka,ADS Fletcher,J Charles,KMDN Kulasekara,4,0,,,,,,,,,
915785,2015/16,2015-11-11,R Premadasa Stadium,1,2.1,West Indies,Sri Lanka,J Charles,ADS Fletcher,SL Malinga,0,0,,,,,,,,,
915785,2015/16,2015-11-11,R Premadasa Stadium,1,2.2,West Indies,Sri Lanka,J Charles,ADS Fletcher,SL Malinga,1,0,,,,,,,,,
915785,2015/16,2015-11-11,R Premadasa Stadium,1,2.3,West Indies,Sri Lanka,ADS Fletcher,J Charles,SL Malinga,3,0,,,,,,,,,
915785,2015/16,2015-11-11,R Premadasa Stadium,1,2.4,West Indies,Sri Lanka,J Charles,ADS Fletcher,SL Malinga,1,0,,,,,,,,,
915785,2015/16,2015-11-11,R Premadasa Stadium,1,2.5,West Indies,Sri Lanka,ADS Fletcher,J Charles,SL Malinga,0,0,,,,,,,,,
915785,2015/16,2015-11-11,R Premadasa Stadium,1,2.6,West Indies,Sri Lanka,ADS Fletcher,J Charles,SL Malinga,1,0,,,,,,,,,
915785,2015/16,2015-11-11,R Premadasa Stadium,1,3.1,West Indies,Sri Lanka,ADS Fletcher,J Charles,KMDN Kulasekara,0,0,,,,,,,,,
915785,2015/16,2015-11-11,R Premadasa Stadium,1,3.2,West Indies,Sri Lanka,ADS Fletcher,J Charles,KMDN Kulasekara,0,0,,,,,,,,,
915785,2015/16,2015-11-11,R Premadasa Stadium,1,3.3,West Indies,Sri Lanka,ADS Fletcher,J Charles,KMDN Kulasekara,0,0,,,,,,,,,
915785,2015/16,2015-11-11,R Premadasa Stadium,1,3.4,West Indies,Sri Lanka,ADS Fletcher,J Charles,KMDN Kulasekara,0,1,,,,1,,,,,
915785,2015/16,2015-11-11,R Premadasa Stadium,1,3.5,West Indies,Sri Lanka,J Charles,ADS Fletcher,KMDN Kulasekara,0,0,,,,,,,,,
915785,2015/16,2015-11-11,R Premadasa Stadium,1,3.6,West Indies,Sri Lanka,J Charles,ADS Fletcher,KMDN Kulasekara,1,0,,,,,,,,,
915785,2015/16,2015-11-11,R Premadasa Stadium,1,4.1,West Indies,Sri Lanka,J Charles,ADS Fletcher,SMSM Senanayake,0,0,,,,,,,,,
915785,2015/16,2015-11-11,R Premadasa Stadium,1,4.2,West Indies,Sri Lanka,J Charles,ADS Fletcher,SMSM Senanayake,0,0,,,,,,,,,
915785,2015/16,2015-11-11,R Premadasa Stadium,1,4.3,West Indies,Sri Lanka,J Charles,ADS Fletcher,SMSM Senanayake,6,0,,,,,,,,,
915785,2015/16,2015-11-11,R Premadasa Stadium,1,4.4,West Indies,Sri Lanka,J Charles,ADS Fletcher,SMSM Senanayake,6,0,,,,,,,,,
915785,2015/16,2015-11-11,R Premadasa Stadium,1,4.5,West Indies,Sri Lanka,J Charles,ADS Fletcher,SMSM Senanayake,6,0,,,,,,,,,
915785,2015/16,2015-11-11,R Premadasa Stadium,1,4.6,West Indies,Sri Lanka,J Charles,ADS Fletcher,SMSM Senanayake,4,0,,,,,,,,,
915785,2015/16,2015-11-11,R Premadasa Stadium,1,5.1,West Indies,Sri Lanka,ADS Fletcher,J Charles,PVD Chameera,4,0,,,,,,,,,
915785,2015/16,2015-11-11,R Premadasa Stadium,1,5.2,West Indies,Sri Lanka,ADS Fletcher,J Charles,PVD Chameera,4,0,,,,,,,,,
915785,2015/16,2015-11-11,R Premadasa Stadium,1,5.3,West Indies,Sri Lanka,ADS Fletcher,J Charles,PVD Chameera,2,0,,,,,,,,,
915785,2015/16,2015-11-11,R Premadasa Stadium,1,5.4,West Indies,Sri Lanka,ADS Fletcher,J Charles,PVD Chameera,1,0,,,,,,,,,
915785,2015/16,2015-11-11,R Premadasa Stadium,1,5.5,West Indies,Sri Lanka,J Charles,ADS Fletcher,PVD Chameera,0,4,,,,4,,,,,
915785,2015/16,2015-11-11,R Premadasa Stadium,1,5.6,West Indies,Sri Lanka,J Charles,ADS Fletcher,PVD Chameera,0,1,1,,,,,,,,
915785,2015/16,2015-11-11,R Premadasa Stadium,1,5.7,West Indies,Sri Lanka,J Charles,ADS Fletcher,PVD Chameera,0,2,2,,,,,,,,
915785,2015/16,2015-11-11,R Premadasa Stadium,1,5.8,West Indies,Sri Lanka,ADS Fletcher,J Charles,PVD Chameera,4,0,,,,,,,,,
915785,2015/16,2015-11-11,R Premadasa Stadium,1,6.1,West Indies,Sri Lanka,J Charles,ADS Fletcher,TAM Siriwardana,1,0,,,,,,,,,
915785,2015/16,2015-11-11,R Premadasa Stadium,1,6.2,West Indies,Sri Lanka,ADS Fletcher,J Charles,TAM Siriwardana,0,0,,,,,,lbw,ADS Fletcher,,
915785,2015/16,2015-11-11,R Premadasa Stadium,1,6.3,West Indies,Sri Lanka,MN Samuels,J Charles,TAM Siriwardana,1,0,,,,,,,,,
915785,2015/16,2015-11-11,R Premadasa Stadium,1,6.4,West Indies,Sri Lanka,J Charles,MN Samuels,TAM Siriwardana,2,0,,,,,,run out,MN Samuels,,
915785,2015/16,2015-11-11,R Premadasa Stadium,1,6.5,West Indies,Sri Lanka,DJ Bravo,J Charles,TAM Siriwardana,0,0,,,,,,,,,
915785,2015/16,2015-11-11,R Premadasa Stadium,1,6.6,West Indies,Sri Lanka,DJ Bravo,J Charles,TAM Siriwardana,1,0,,,,,,,,,
915785,2015/16,2015-11-11,R Premadasa Stadium,1,7.1,West Indies,Sri Lanka,DJ Bravo,J Charles,GSNFG Jayasuriya,1,0,,,,,,,,,
915785,2015/16,2015-11-11,R Premadasa Stadium,1,7.2,West Indies,Sri Lanka,J Charles,DJ Bravo,GSNFG Jayasuriya,1,0,,,,,,,,,
915785,2015/16,2015-11-11,R Premadasa Stadium,1,7.3,West Indies,Sri Lanka,DJ Bravo,J Charles,GSNFG Jayasuriya,2,0,,,,,,,,,
915785,2015/16,2015-11-11,R Premadasa Stadium,1,7.4,West Indies,Sri Lanka,DJ Bravo,J Charles,GSNFG Jayasuriya,0,0,,,,,,,,,
915785,2015/16,2015-11-11,R Premadasa Stadium,1,7.5,West Indies,Sri Lanka,DJ Bravo,J Charles,GSNFG Jayasuriya,1,0,,,,,,,,,
915785,2015/16,2015-11-11,R Premadasa Stadium,1,7.6,West Indies,Sri Lanka,J Charles,DJ Bravo,GSNFG Jayasuriya,1,0,,,,,,,,,
915785,2015/16,2015-11-11,R Premadasa Stadium,1,8.1,West Indies,Sri Lanka,J Charles,DJ Bravo,TAM Siriwardana,0,0,,,,,,,,,
915785,2015/16,2015-11-11,R Premadasa Stadium,1,8.2,West Indies,Sri Lanka,J Charles,DJ Bravo,TAM Siriwardana,1,0,,,,,,,,,
915785,2015/16,2015-11-11,R Premadasa Stadium,1,8.3,West Indies,Sri Lanka,DJ Bravo,J Charles,TAM Siriwardana,1,0,,,,,,,,,
915785,2015/16,2015-11-11,R Premadasa Stadium,1,8.4,West Indies,Sri Lanka,J Charles,DJ Bravo,TAM Siriwardana,0,1,1,,,,,,,,
915785,2015/16,2015-11-11,R Premadasa Stadium,1,8.5,West Indies,Sri Lanka,J Charles,DJ Bravo,TAM Siriwardana,0,0,,,,,,,,,
915785,2015/16,2015-11-11,R Premadasa Stadium,1,8.6,West Indies,Sri Lanka,J Charles,DJ Bravo,TAM Siriwardana,0,0,,,,,,,,,
915785,2015/16,2015-11-11,R Premadasa Stadium,1,8.7,West Indies,Sri Lanka,J Charles,DJ Bravo,TAM Siriwardana,0,0,,,,,,lbw,J Charles,,
915785,2015/16,2015-11-11,R Premadasa Stadium,1,9.1,West Indies,Sri Lanka,DJ Bravo,AD Russell,GSNFG Jayasuriya,2,0,,,,,,,,,
915785,2015/16,2015-11-11,R Premadasa Stadium,1,9.2,West Indies,Sri Lanka,DJ Bravo,AD Russell,GSNFG Jayasuriya,1,0,,,,,,,,,
915785,2015/16,2015-11-11,R Premadasa Stadium,1,9.3,West Indies,Sri Lanka,AD Russell,DJ Bravo,GSNFG Jayasuriya,0,0,,,,,,,,,
915785,2015/16,2015-11-11,R Premadasa Stadium,1,9.4,West Indies,Sri Lanka,AD Russell,DJ Bravo,GSNFG Jayasuriya,1,0,,,,,,,,,
915785,2015/16,2015-11-11,R Premadasa Stadium,1,9.5,West Indies,Sri Lanka,DJ Bravo,AD Russell,GSNFG Jayasuriya,1,0,,,,,,,,,
915785,2015/16,2015-11-11,R Premadasa Stadium,1,9.6,West Indies,Sri Lanka,AD Russell,DJ Bravo,GSNFG Jayasuriya,1,0,,,,,,,,,
915785,2015/16,2015-11-11,R Premadasa Stadium,1,10.1,West Indies,Sri Lanka,AD Russell,DJ Bravo,TAM Siriwardana,0,0,,,,,,,,,
915785,2015/16,2015-11-11,R Premadasa Stadium,1,10.2,West Indies,Sri Lanka,AD Russell,DJ Bravo,TAM Siriwardana,0,0,,,,,,,,,
915785,2015/16,2015-11-11,R Premadasa Stadium,1,10.3,West Indies,Sri Lanka,AD Russell,DJ Bravo,TAM Siriwardana,0,0,,,,,,,,,
915785,2015/16,2015-11-11,R Premadasa Stadium,1,10.4,West Indies,Sri Lanka,AD Russell,DJ Bravo,TAM Siriwardana,1,0,,,,,,,,,
915785,2015/16,2015-11-11,R Premadasa Stadium,1,10.5,West Indies,Sri Lanka,DJ Bravo,AD Russell,TAM Siriwardana,0,1,1,,,,,,,,
915785,2015/16,2015-11-11,R Premadasa Stadium,1,10.6,West Indies,Sri Lanka,DJ Bravo,AD Russell,TAM Siriwardana,1,0,,,,,,,,,
915785,2015/16,2015-11-11,R Premadasa Stadium,1,10.7,West Indies,Sri Lanka,AD Russell,DJ Bravo,TAM Siriwardana,6,0,,,,,,,,,
915785,2015/16,2015-11-11,R Premadasa Stadium,1,11.1,West Indies,Sri Lanka,DJ Bravo,AD Russell,PVD Chameera,0,0,,,,,,,,,
915785,2015/16,2015-11-11,R Premadasa Stadium,1,11.2,West Indies,Sri Lanka,DJ Bravo,AD Russell,PVD Chameera,6,0,,,,,,,,,
915785,2015/16,2015-11-11,R Premadasa Stadium,1,11.3,West Indies,Sri Lanka,DJ Bravo,AD Russell,PVD Chameera,1,0,,,,,,,,,
915785,2015/16,2015-11-11,R Premadasa Stadium,1,11.4,West Indies,Sri Lanka,AD Russell,DJ Bravo,PVD Chameera,0,0,,,,,,caught,AD Russell,,
915785,2015/16,2015-11-11,R Premadasa Stadium,1,11.5,West Indies,Sri Lanka,DJ Bravo,D Ramdin,PVD Chameera,0,0,,,,,,,,,
915785,2015/16,2015-11-11,R Premadasa Stadium,1,11.6,West Indies,Sri Lanka,DJ Bravo,D Ramdin,PVD Chameera,0,0,,,,,,,,,
915785,2015/16,2015-11-11,R Premadasa Stadium,1,12.1,West Indies,Sri Lanka,D Ramdin,DJ Bravo,SMSM Senanayake,1,0,,,,,,,,,
915785,2015/16,2015-11-11,R Premadasa Stadium,1,12.2,West Indies,Sri Lanka,DJ Bravo,D Ramdin,SMSM Senanayake,1,0,,,,,,,,,
915785,2015/16,2015-11-11,R Premadasa Stadium,1,12.3,West Indies,Sri Lanka,D Ramdin,DJ Bravo,SMSM Senanayake,2,0,,,,,,,,,
915785,2015/16,2015-11-11,R Premadasa Stadium,1,12.4,West Indies,Sri Lanka,D Ramdin,DJ Bravo,SMSM Senanayake,1,0,,,,,,,,,
915785,2015/16,2015-11-11,R Premadasa Stadium,1,12.5,West Indies,Sri Lanka,DJ Bravo,D Ramdin,SMSM Senanayake,0,0,,,,,,,,,
915785,2015/16,2015-11-11,R Premadasa Stadium,1,12.6,West Indies,Sri Lanka,DJ Bravo,D Ramdin,SMSM Senanayake,1,0,,,,,,,,,
915785,2015/16,2015-11-11,R Premadasa Stadium,1,13.1,West Indies,Sri Lanka,DJ Bravo,D Ramdin,GSNFG Jayasuriya,1,0,,,,,,,,,
915785,2015/16,2015-11-11,R Premadasa Stadium,1,13.2,West Indies,Sri Lanka,D Ramdin,DJ Bravo,GSNFG Jayasuriya,1,0,,,,,,,,,
915785,2015/16,2015-11-11,R Premadasa Stadium,1,13.3,West Indies,Sri Lanka,DJ Bravo,D Ramdin,GSNFG Jayasuriya,0,0,,,,,,,,,
915785,2015/16,2015-11-11,R Premadasa Stadium,1,13.4,West Indies,Sri Lanka,DJ Bravo,D Ramdin,GSNFG Jayasuriya,1,0,,,,,,,,,
915785,2015/16,2015-11-11,R Premadasa Stadium,1,13.5,West Indies,Sri Lanka,D Ramdin,DJ Bravo,GSNFG Jayasuriya,6,0,,,,,,,,,
915785,2015/16,2015-11-11,R Premadasa Stadium,1,13.6,West Indies,Sri Lanka,D Ramdin,DJ Bravo,GSNFG Jayasuriya,6,0,,,,,,,,,
915785,2015/16,2015-11-11,R Premadasa Stadium,1,14.1,West Indies,Sri Lanka,DJ Bravo,D Ramdin,SMSM Senanayake,2,0,,,,,,,,,
915785,2015/16,2015-11-11,R Premadasa Stadium,1,14.2,West Indies,Sri Lanka,DJ Bravo,D Ramdin,SMSM Senanayake,1,0,,,,,,,,,
915785,2015/16,2015-11-11,R Premadasa Stadium,1,14.3,West Indies,Sri Lanka,D Ramdin,DJ Bravo,SMSM Senanayake,4,0,,,,,,,,,
915785,2015/16,2015-11-11,R Premadasa Stadium,1,14.4,West Indies,Sri Lanka,D Ramdin,DJ Bravo,SMSM Senanayake,1,0,,,,,,,,,
915785,2015/16,2015-11-11,R Premadasa Stadium,1,14.5,West Indies,Sri Lanka,DJ Bravo,D Ramdin,SMSM Senanayake,1,0,,,,,,,,,
915785,2015/16,2015-11-11,R Premadasa Stadium,1,14.6,West Indies,Sri Lanka,D Ramdin,DJ Bravo,SMSM Senanayake,1,0,,,,,,,,,
915785,2015/16,2015-11-11,R Premadasa Stadium,1,15.1,West Indies,Sri Lanka,D Ramdin,DJ Bravo,KMDN Kulasekara,1,0,,,,,,,,,
915785,2015/16,2015-11-11,R Premadasa Stadium,1,15.2,West Indies,Sri Lanka,DJ Bravo,D Ramdin,KMDN Kulasekara,1,0,,,,,,,,,
915785,2015/16,2015-11-11,R Premadasa Stadium,1,15.3,West Indies,Sri Lanka,D Ramdin,DJ Bravo,KMDN Kulasekara,2,0,,,,,,,,,
915785,2015/16,2015-11-11,R Premadasa Stadium,1,15.4,West Indies,Sri Lanka,D Ramdin,DJ Bravo,KMDN Kulasekara,1,0,,,,,,,,,
915785,2015/16,2015-11-11,R Premadasa Stadium,1,15.5,West Indies,Sri Lanka,DJ Bravo,D Ramdin,KMDN Kulasekara,1,0,,,,,,,,,
915785,2015/16,2015-11-11,R Premadasa Stadium,1,15.6,West Indies,Sri Lanka,D Ramdin,DJ Bravo,KMDN Kulasekara,0,0,,,,,,,,,
915785,2015/16,2015-11-11,R Premadasa Stadium,1,16.1,West Indies,Sri Lanka,DJ Bravo,D Ramdin,SL Malinga,2,0,,,,,,,,,
915785,2015/16,2015-11-11,R Premadasa Stadium,1,16.2,West Indies,Sri Lanka,DJ Bravo,D Ramdin,SL Malinga,1,0,,,,,,,,,
915785,2015/16,2015-11-11,R Premadasa Stadium,1,16.3,West Indies,Sri Lanka,D Ramdin,DJ Bravo,SL Malinga,1,0,,,,,,,,,
915785,2015/16,2015-11-11,R Premadasa Stadium,1,16.4,West Indies,Sri Lanka,DJ Bravo,D Ramdin,SL Malinga,0,0,,,,,,,,,
915785,2015/16,2015-11-11,R Premadasa Stadium,1,16.5,West Indies,Sri Lanka,DJ Bravo,D Ramdin,SL Malinga,0,0,,,,,,caught,DJ Bravo,,
915785,2015/16,2015-11-11,R Premadasa Stadium,1,16.6,West Indies,Sri Lanka,D Ramdin,KA Pollard,SL Malinga,1,0,,,,,,,,,
915785,2015/16,2015-11-11,R Premadasa Stadium,1,17.1,West Indies,Sri Lanka,D Ramdin,KA Pollard,KMDN Kulasekara,1,0,,,,,,,,,
915785,2015/16,2015-11-11,R Premadasa Stadium,1,17.2,West Indies,Sri Lanka,KA Pollard,D Ramdin,KMDN Kulasekara,1,0,,,,,,,,,
915785,2015/16,2015-11-11,R Premadasa Stadium,1,17.3,West Indies,Sri Lanka,D Ramdin,KA Pollard,KMDN Kulasekara,0,0,,,,,,,,,
915785,2015/16,2015-11-11,R Premadasa Stadium,1,17.4,West Indies,Sri Lanka,D Ramdin,KA Pollard,KMDN Kulasekara,1,0,,,,,,,,,
915785,2015/16,2015-11-11,R Premadasa Stadium,1,17.5,West Indies,Sri Lanka,KA Pollard,D Ramdin,KMDN Kulasekara,2,0,,,,,,,,,
915785,2015/16,2015-11-11,R Premadasa Stadium,1,17.6,West Indies,Sri Lanka,KA Pollard,D Ramdin,KMDN Kulasekara,2,0,,,,,,,,,
915785,2015/16,2015-11-11,R Premadasa Stadium,1,18.1,West Indies,Sri Lanka,D Ramdin,KA Pollard,SL Malinga,1,0,,,,,,,,,
915785,2015/16,2015-11-11,R Premadasa Stadium,1,18.2,West Indies,Sri Lanka,KA Pollard,D Ramdin,SL Malinga,0,0,,,,,,bowled,KA Pollard,,
915785,2015/16,2015-11-11,R Premadasa Stadium,1,18.3,West Indies,Sri Lanka,DJG Sammy,D Ramdin,SL Malinga,1,0,,,,,,,,,
915785,2015/16,2015-11-11,R Premadasa Stadium,1,18.4,West Indies,Sri Lanka,D Ramdin,DJG Sammy,SL Malinga,1,0,,,,,,,,,
915785,2015/16,2015-11-11,R Premadasa Stadium,1,18.5,West Indies,Sri Lanka,DJG Sammy,D Ramdin,SL Malinga,1,0,,,,,,,,,
915785,2015/16,2015-11-11,R Premadasa Stadium,1,18.6,West Indies,Sri Lanka,D Ramdin,DJG Sammy,SL Malinga,0,1,,,,1,,,,,
915785,2015/16,2015-11-11,R Premadasa Stadium,1,19.1,West Indies,Sri Lanka,D Ramdin,DJG Sammy,PVD Chameera,1,0,,,,,,,,,
915785,2015/16,2015-11-11,R Premadasa Stadium,1,19.2,West Indies,Sri Lanka,DJG Sammy,D Ramdin,PVD Chameera,2,0,,,,,,,,,
915785,2015/16,2015-11-11,R Premadasa Stadium,1,19.3,West Indies,Sri Lanka,DJG Sammy,D Ramdin,PVD Chameera,4,0,,,,,,,,,
915785,2015/16,2015-11-11,R Premadasa Stadium,1,19.4,West Indies,Sri Lanka,DJG Sammy,D Ramdin,PVD Chameera,0,0,,,,,,,,,
915785,2015/16,2015-11-11,R Premadasa Stadium,1,19.5,West Indies,Sri Lanka,DJG Sammy,D Ramdin,PVD Chameera,2,0,,,,,,,,,
915785,2015/16,2015-11-11,R Premadasa Stadium,1,19.6,West Indies,Sri Lanka,DJG Sammy,D Ramdin,PVD Chameera,2,0,,,,,,,,,
915785,2015/16,2015-11-11,R Premadasa Stadium,2,0.1,Sri Lanka,West Indies,MDKJ Perera,TM Dilshan,SP Narine,0,0,,,,,,,,,
915785,2015/16,2015-11-11,R Premadasa Stadium,2,0.2,Sri Lanka,West Indies,MDKJ Perera,TM Dilshan,SP Narine,1,0,,,,,,,,,
915785,2015/16,2015-11-11,R Premadasa Stadium,2,0.3,Sri Lanka,West Indies,TM Dilshan,MDKJ Perera,SP Narine,0,1,1,,,,,,,,
915785,2015/16,2015-11-11,R Premadasa Stadium,2,0.4,Sri Lanka,West Indies,TM Dilshan,MDKJ Perera,SP Narine,1,0,,,,,,,,,
915785,2015/16,2015-11-11,R Premadasa Stadium,2,0.5,Sri Lanka,West Indies,MDKJ Perera,TM Dilshan,SP Narine,1,0,,,,,,,,,
915785,2015/16,2015-11-11,R Premadasa Stadium,2,0.6,Sri Lanka,West Indies,TM Dilshan,MDKJ Perera,SP Narine,4,0,,,,,,,,,
915785,2015/16,2015-11-11,R Premadasa Stadium,2,0.7,Sri Lanka,West Indies,TM Dilshan,MDKJ Perera,SP Narine,1,0,,,,,,,,,
915785,2015/16,2015-11-11,R Premadasa Stadium,2,1.1,Sri Lanka,West Indies,TM Dilshan,MDKJ Perera,R Rampaul,2,0,,,,,,,,,
915785,2015/16,2015-11-11,R Premadasa Stadium,2,1.2,Sri Lanka,West Indies,TM Dilshan,MDKJ Perera,R Rampaul,1,0,,,,,,,,,
915785,2015/16,2015-11-11,R Premadasa Stadium,2,1.3,Sri Lanka,West Indies,MDKJ Perera,TM Dilshan,R Rampaul,0,0,,,,,,,,,
915785,2015/16,2015-11-11,R Premadasa Stadium,2,1.4,Sri Lanka,West Indies,MDKJ Perera,TM Dilshan,R Rampaul,1,0,,,,,,,,,
915785,2015/16,2015-11-11,R Premadasa Stadium,2,1.5,Sri Lanka,West Indies,TM Dilshan,MDKJ Perera,R Rampaul,1,0,,,,,,,,,
915785,2015/16,2015-11-11,R Premadasa Stadium,2,1.6,Sri Lanka,West Indies,MDKJ Perera,TM Dilshan,R Rampaul,1,0,,,,,,,,,
915785,2015/16,2015-11-11,R Premadasa Stadium,2,2.1,Sri Lanka,West Indies,MDKJ Perera,TM Dilshan,JE Taylor,4,0,,,,,,,,,
915785,2015/16,2015-11-11,R Premadasa Stadium,2,2.2,Sri Lanka,West Indies,MDKJ Perera,TM Dilshan,JE Taylor,4,0,,,,,,,,,
915785,2015/16,2015-11-11,R Premadasa Stadium,2,2.3,Sri Lanka,West Indies,MDKJ Perera,TM Dilshan,JE Taylor,0,0,,,,,,,,,
915785,2015/16,2015-11-11,R Premadasa Stadium,2,2.4,Sri Lanka,West Indies,MDKJ Perera,TM Dilshan,JE Taylor,0,0,,,,,,,,,
915785,2015/16,2015-11-11,R Premadasa Stadium,2,2.5,Sri Lanka,West Indies,MDKJ Perera,TM Dilshan,JE Taylor,0,0,,,,,,caught,MDKJ Perera,,
915785,2015/16,2015-11-11,R Premadasa Stadium,2,2.6,Sri Lanka,West Indies,GSNFG Jayasuriya,TM Dilshan,JE Taylor,0,0,,,,,,,,,
915785,2015/16,2015-11-11,R Premadasa Stadium,2,3.1,Sri Lanka,West Indies,TM Dilshan,GSNFG Jayasuriya,R Rampaul,2,0,,,,,,,,,
915785,2015/16,2015-11-11,R Premadasa Stadium,2,3.2,Sri Lanka,West Indies,TM Dilshan,GSNFG Jayasuriya,R Rampaul,1,0,,,,,,,,,
915785,2015/16,2015-11-11,R Premadasa Stadium,2,3.3,Sri Lanka,West Indies,GSNFG Jayasuriya,TM Dilshan,R Rampaul,0,0,,,,,,,,,
915785,2015/16,2015-11-11,R Premadasa Stadium,2,3.4,Sri Lanka,West Indies,GSNFG Jayasuriya,TM Dilshan,R Rampaul,0,0,,,,,,,,,
915785,2015/16,2015-11-11,R Premadasa Stadium,2,3.5,Sri Lanka,West Indies,GSNFG Jayasuriya,TM Dilshan,R Rampaul,0,0,,,,,,,,,
915785,2015/16,2015-11-11,R Premadasa Stadium,2,3.6,Sri Lanka,West Indies,GSNFG Jayasuriya,TM Dilshan,R Rampaul,0,0,,,,,,,,,
915785,2015/16,2015-11-11,R Premadasa Stadium,2,4.1,Sri Lanka,West Indies,TM Dilshan,GSNFG Jayasuriya,JE Taylor,4,0,,,,,,,,,
915785,2015/16,2015-11-11,R Premadasa Stadium,2,4.2,Sri Lanka,West Indies,TM Dilshan,GSNFG Jayasuriya,JE Taylor,1,0,,,,,,,,,
915785,2015/16,2015-11-11,R Premadasa Stadium,2,4.3,Sri Lanka,West Indies,GSNFG Jayasuriya,TM Dilshan,JE Taylor,0,0,,,,,,,,,
915785,2015/16,2015-11-11,R Premadasa Stadium,2,4.4,Sri Lanka,West Indies,GSNFG Jayasuriya,TM Dilshan,JE Taylor,0,1,1,,,,,,,,
915785,2015/16,2015-11-11,R Premadasa Stadium,2,4.5,Sri Lanka,West Indies,GSNFG Jayasuriya,TM Dilshan,JE Taylor,0,0,,,,,,,,,
915785,2015/16,2015-11-11,R Premadasa Stadium,2,4.6,Sri Lanka,West Indies,GSNFG Jayasuriya,TM Dilshan,JE Taylor,4,0,,,,,,,,,
915785,2015/16,2015-11-11,R Premadasa Stadium,2,4.7,Sri Lanka,West Indies,GSNFG Jayasuriya,TM Dilshan,JE Taylor,4,0,,,,,,,,,
915785,2015/16,2015-11-11,R Premadasa Stadium,2,5.1,Sri Lanka,West Indies,TM Dilshan,GSNFG Jayasuriya,SP Narine,0,0,,,,,,,,,
915785,2015/16,2015-11-11,R Premadasa Stadium,2,5.2,Sri Lanka,West Indies,TM Dilshan,GSNFG Jayasuriya,SP Narine,1,0,,,,,,,,,
915785,2015/16,2015-11-11,R Premadasa Stadium,2,5.3,Sri Lanka,West Indies,GSNFG Jayasuriya,TM Dilshan,SP Narine,0,0,,,,,,,,,
915785,2015/16,2015-11-11,R Premadasa Stadium,2,5.4,Sri Lanka,West Indies,GSNFG Jayasuriya,TM Dilshan,SP Narine,0,0,,,,,,,,,
915785,2015/16,2015-11-11,R Premadasa Stadium,2,5.5,Sri Lanka,West Indies,GSNFG Jayasuriya,TM Dilshan,SP Narine,1,0,,,,,,,,,
915785,2015/16,2015-11-11,R Premadasa Stadium,2,5.6,Sri Lanka,West Indies,TM Dilshan,GSNFG Jayasuriya,SP Narine,0,0,,,,,,,,,
915785,2015/16,2015-11-11,R Premadasa Stadium,2,6.1,Sri Lanka,West Indies,GSNFG Jayasuriya,TM Dilshan,KA Pollard,1,0,,,,,,,,,
915785,2015/16,2015-11-11,R Premadasa Stadium,2,6.2,Sri Lanka,West Indies,TM Dilshan,GSNFG Jayasuriya,KA Pollard,1,0,,,,,,,,,
915785,2015/16,2015-11-11,R Premadasa Stadium,2,6.3,Sri Lanka,West Indies,GSNFG Jayasuriya,TM Dilshan,KA Pollard,1,0,,,,,,,,,
915785,2015/16,2015-11-11,R Premadasa Stadium,2,6.4,Sri Lanka,West Indies,TM Dilshan,GSNFG Jayasuriya,KA Pollard,0,0,,,,,,,,,
915785,2015/16,2015-11-11,R Premadasa Stadium,2,6.5,Sri Lanka,West Indies,TM Dilshan,GSNFG Jayasuriya,KA Pollard,2,0,,,,,,,,,
915785,2015/16,2015-11-11,R Premadasa Stadium,2,6.6,Sri Lanka,West Indies,TM Dilshan,GSNFG Jayasuriya,KA Pollard,2,0,,,,,,,,,
915785,2015/16,2015-11-11,R Premadasa Stadium,2,7.1,Sri Lanka,West Indies,GSNFG Jayasuriya,TM Dilshan,DJG Sammy,1,0,,,,,,,,,
915785,2015/16,2015-11-11,R Premadasa Stadium,2,7.2,Sri Lanka,West Indies,TM Dilshan,GSNFG Jayasuriya,DJG Sammy,2,0,,,,,,,,,
915785,2015/16,2015-11-11,R Premadasa Stadium,2,7.3,Sri Lanka,West Indies,TM Dilshan,GSNFG Jayasuriya,DJG Sammy,1,0,,,,,,,,,
915785,2015/16,2015-11-11,R Premadasa Stadium,2,7.4,Sri Lanka,West Indies,GSNFG Jayasuriya,TM Dilshan,DJG Sammy,0,0,,,,,,,,,
915785,2015/16,2015-11-11,R Premadasa Stadium,2,7.5,Sri Lanka,West Indies,GSNFG Jayasuriya,TM Dilshan,DJG Sammy,1,0,,,,,,,,,
915785,2015/16,2015-11-11,R Premadasa Stadium,2,7.6,Sri Lanka,West Indies,TM Dilshan,GSNFG Jayasuriya,DJG Sammy,0,0,,,,,,,,,
915785,2015/16,2015-11-11,R Premadasa Stadium,2,8.1,Sri Lanka,West Indies,GSNFG Jayasuriya,TM Dilshan,DJ Bravo,0,0,,,,,,,,,
915785,2015/16,2015-11-11,R Premadasa Stadium,2,8.2,Sri Lanka,West Indies,GSNFG Jayasuriya,TM Dilshan,DJ Bravo,1,0,,,,,,,,,
915785,2015/16,2015-11-11,R Premadasa Stadium,2,8.3,Sri Lanka,West Indies,TM Dilshan,GSNFG Jayasuriya,DJ Bravo,0,0,,,,,,,,,
915785,2015/16,2015-11-11,R Premadasa Stadium,2,8.4,Sri Lanka,West Indies,TM Dilshan,GSNFG Jayasuriya,DJ Bravo,1,0,,,,,,,,,
915785,2015/16,2015-11-11,R Premadasa Stadium,2,8.5,Sri Lanka,West Indies,GSNFG Jayasuriya,TM Dilshan,DJ Bravo,6,0,,,,,,,,,
915785,2015/16,2015-11-11,R Premadasa Stadium,2,8.6,Sri Lanka,West Indies,GSNFG Jayasuriya,TM Dilshan,DJ Bravo,0,0,,,,,,,,,
915785,2015/16,2015-11-11,R Premadasa Stadium,2,9.1,Sri Lanka,West Indies,TM Dilshan,GSNFG Jayasuriya,KA Pollard,0,1,,,,1,,,,,
915785,2015/16,2015-11-11,R Premadasa Stadium,2,9.2,Sri Lanka,West Indies,GSNFG Jayasuriya,TM Dilshan,KA Pollard,0,0,,,,,,,,,
915785,2015/16,2015-11-11,R Premadasa Stadium,2,9.3,Sri Lanka,West Indies,GSNFG Jayasuriya,TM Dilshan,KA Pollard,0,1,1,,,,,,,,
915785,2015/16,2015-11-11,R Premadasa Stadium,2,9.4,Sri Lanka,West Indies,GSNFG Jayasuriya,TM Dilshan,KA Pollard,1,0,,,,,,,,,
915785,2015/16,2015-11-11,R Premadasa Stadium,2,9.5,Sri Lanka,West Indies,TM Dilshan,GSNFG Jayasuriya,KA Pollard,0,1,,,,1,,,,,
915785,2015/16,2015-11-11,R Premadasa Stadium,2,9.6,Sri Lanka,West Indies,GSNFG Jayasuriya,TM Dilshan,KA Pollard,1,0,,,,,,,,,
915785,2015/16,2015-11-11,R Premadasa Stadium,2,9.7,Sri Lanka,West Indies,TM Dilshan,GSNFG Jayasuriya,KA Pollard,1,0,,,,,,,,,
915785,2015/16,2015-11-11,R Premadasa Stadium,2,10.1,Sri Lanka,West Indies,TM Dilshan,GSNFG Jayasuriya,DJG Sammy,1,0,,,,,,,,,
915785,2015/16,2015-11-11,R Premadasa Stadium,2,10.2,Sri Lanka,West Indies,GSNFG Jayasuriya,TM Dilshan,DJG Sammy,0,1,,,1,,,,,,
915785,2015/16,2015-11-11,R Premadasa Stadium,2,10.3,Sri Lanka,West Indies,TM Dilshan,GSNFG Jayasuriya,DJG Sammy,4,0,,,,,,,,,
915785,2015/16,2015-11-11,R Premadasa Stadium,2,10.4,Sri Lanka,West Indies,TM Dilshan,GSNFG Jayasuriya,DJG Sammy,1,0,,,,,,,,,
915785,2015/16,2015-11-11,R Premadasa Stadium,2,10.5,Sri Lanka,West Indies,GSNFG Jayasuriya,TM Dilshan,DJG Sammy,4,0,,,,,,,,,
915785,2015/16,2015-11-11,R Premadasa Stadium,2,10.6,Sri Lanka,West Indies,GSNFG Jayasuriya,TM Dilshan,DJG Sammy,2,0,,,,,,,,,
915785,2015/16,2015-11-11,R Premadasa Stadium,2,11.1,Sri Lanka,West Indies,TM Dilshan,GSNFG Jayasuriya,SP Narine,4,0,,,,,,,,,
915785,2015/16,2015-11-11,R Premadasa Stadium,2,11.2,Sri Lanka,West Indies,TM Dilshan,GSNFG Jayasuriya,SP Narine,2,0,,,,,,,,,
915785,2015/16,2015-11-11,R Premadasa Stadium,2,11.3,Sri Lanka,West Indies,TM Dilshan,GSNFG Jayasuriya,SP Narine,1,0,,,,,,,,,
915785,2015/16,2015-11-11,R Premadasa Stadium,2,11.4,Sri Lanka,West Indies,GSNFG Jayasuriya,TM Dilshan,SP Narine,1,0,,,,,,,,,
915785,2015/16,2015-11-11,R Premadasa Stadium,2,11.5,Sri Lanka,West Indies,TM Dilshan,GSNFG Jayasuriya,SP Narine,1,0,,,,,,,,,
915785,2015/16,2015-11-11,R Premadasa Stadium,2,11.6,Sri Lanka,West Indies,GSNFG Jayasuriya,TM Dilshan,SP Narine,0,0,,,,,,,,,
915785,2015/16,2015-11-11,R Premadasa Stadium,2,12.1,Sri Lanka,West Indies,TM Dilshan,GSNFG Jayasuriya,DJ Bravo,1,0,,,,,,,,,
915785,2015/16,2015-11-11,R Premadasa Stadium,2,12.2,Sri Lanka,West Indies,GSNFG Jayasuriya,TM Dilshan,DJ Bravo,0,0,,,,,,,,,
915785,2015/16,2015-11-11,R Premadasa Stadium,2,12.3,Sri Lanka,West Indies,GSNFG Jayasuriya,TM Dilshan,DJ Bravo,1,0,,,,,,,,,
915785,2015/16,2015-11-11,R Premadasa Stadium,2,12.4,Sri Lanka,West Indies,TM Dilshan,GSNFG Jayasuriya,DJ Bravo,1,0,,,,,,,,,
915785,2015/16,2015-11-11,R Premadasa Stadium,2,12.5,Sri Lanka,West Indies,GSNFG Jayasuriya,TM Dilshan,DJ Bravo,0,0,,,,,,caught,GSNFG Jayasuriya,,
915785,2015/16,2015-11-11,R Premadasa Stadium,2,12.6,Sri Lanka,West Indies,LD Chandimal,TM Dilshan,DJ Bravo,1,0,,,,,,,,,
915785,2015/16,2015-11-11,R Premadasa Stadium,2,13.1,Sri Lanka,West Indies,LD Chandimal,TM Dilshan,R Rampaul,0,0,,,,,,caught,LD Chandimal,,
915785,2015/16,2015-11-11,R Premadasa Stadium,2,13.2,Sri Lanka,West Indies,TM Dilshan,AD Mathews,R Rampaul,1,0,,,,,,,,,
915785,2015/16,2015-11-11,R Premadasa Stadium,2,13.3,Sri Lanka,West Indies,AD Mathews,TM Dilshan,R Rampaul,1,0,,,,,,,,,
915785,2015/16,2015-11-11,R Premadasa Stadium,2,13.4,Sri Lanka,West Indies,TM Dilshan,AD Mathews,R Rampaul,4,0,,,,,,,,,
915785,2015/16,2015-11-11,R Premadasa Stadium,2,13.5,Sri Lanka,West Indies,TM Dilshan,AD Mathews,R Rampaul,2,0,,,,,,,,,
915785,2015/16,2015-11-11,R Premadasa Stadium,2,13.6,Sri Lanka,West Indies,TM Dilshan,AD Mathews,R Rampaul,0,0,,,,,,caught,TM Dilshan,,
915785,2015/16,2015-11-11,R Premadasa Stadium,2,14.1,Sri Lanka,West Indies,AD Mathews,TAM Siriwardana,KA Pollard,1,0,,,,,,,,,
915785,2015/16,2015-11-11,R Premadasa Stadium,2,14.2,Sri Lanka,West Indies,TAM Siriwardana,AD Mathews,KA Pollard,1,0,,,,,,,,,
915785,2015/16,2015-11-11,R Premadasa Stadium,2,14.3,Sri Lanka,West Indies,AD Mathews,TAM Siriwardana,KA Pollard,1,0,,,,,,,,,
915785,2015/16,2015-11-11,R Premadasa Stadium,2,14.4,Sri Lanka,West Indies,TAM Siriwardana,AD Mathews,KA Pollard,1,0,,,,,,,,,
915785,2015/16,2015-11-11,R Premadasa Stadium,2,14.5,Sri Lanka,West Indies,AD Mathews,TAM Siriwardana,KA Pollard,0,0,,,,,,,,,
915785,2015/16,2015-11-11,R Premadasa Stadium,2,14.6,Sri Lanka,West Indies,AD Mathews,TAM Siriwardana,KA Pollard,2,0,,,,,,,,,
915785,2015/16,2015-11-11,R Premadasa Stadium,2,15.1,Sri Lanka,West Indies,TAM Siriwardana,AD Mathews,DJ Bravo,6,0,,,,,,,,,
915785,2015/16,2015-11-11,R Premadasa Stadium,2,15.2,Sri Lanka,West Indies,TAM Siriwardana,AD Mathews,DJ Bravo,2,0,,,,,,,,,
915785,2015/16,2015-11-11,R Premadasa Stadium,2,15.3,Sri Lanka,West Indies,TAM Siriwardana,AD Mathews,DJ Bravo,1,0,,,,,,,,,
915785,2015/16,2015-11-11,R Premadasa Stadium,2,15.4,Sri Lanka,West Indies,AD Mathews,TAM Siriwardana,DJ Bravo,0,0,,,,,,caught,AD Mathews,,
915785,2015/16,2015-11-11,R Premadasa Stadium,2,15.5,Sri Lanka,West Indies,TAM Siriwardana,CK Kapugedera,DJ Bravo,0,2,,2,,,,,,,
915785,2015/16,2015-11-11,R Premadasa Stadium,2,15.6,Sri Lanka,West Indies,CK Kapugedera,TAM Siriwardana,DJ Bravo,1,0,,,,,,,,,
915785,2015/16,2015-11-11,R Premadasa Stadium,2,15.7,Sri Lanka,West Indies,TAM Siriwardana,CK Kapugedera,DJ Bravo,0,0,,,,,,,,,
915785,2015/16,2015-11-11,R Premadasa Stadium,2,16.1,Sri Lanka,West Indies,CK Kapugedera,TAM Siriwardana,KA Pollard,1,0,,,,,,,,,
915785,2015/16,2015-11-11,R Premadasa Stadium,2,16.2,Sri Lanka,West Indies,TAM Siriwardana,CK Kapugedera,KA Pollard,4,0,,,,,,,,,
915785,2015/16,2015-11-11,R Premadasa Stadium,2,16.3,Sri Lanka,West Indies,TAM Siriwardana,CK Kapugedera,KA Pollard,0,1,,,,1,,,,,
915785,2015/16,2015-11-11,R Premadasa Stadium,2,16.4,Sri Lanka,West Indies,CK Kapugedera,TAM Siriwardana,KA Pollard,0,0,,,,,,caught,CK Kapugedera,,
915785,2015/16,2015-11-11,R Premadasa Stadium,2,16.5,Sri Lanka,West Indies,TAM Siriwardana,SMSM Senanayake,KA Pollard,0,1,,,,1,,,,,
915785,2015/16,2015-11-11,R Premadasa Stadium,2,16.6,Sri Lanka,West Indies,SMSM Senanayake,TAM Siriwardana,KA Pollard,1,0,,,,,,,,,
915785,2015/16,2015-11-11,R Premadasa Stadium,2,17.1,Sri Lanka,West Indies,SMSM Senanayake,TAM Siriwardana,SP Narine,1,0,,,,,,,,,
915785,2015/16,2015-11-11,R Premadasa Stadium,2,17.2,Sri Lanka,West Indies,TAM Siriwardana,SMSM Senanayake,SP Narine,0,0,,,,,,stumped,TAM Siriwardana,,
915785,2015/16,2015-11-11,R Premadasa Stadium,2,17.3,Sri Lanka,West Indies,KMDN Kulasekara,SMSM Senanayake,SP Narine,1,0,,,,,,,,,
915785,2015/16,2015-11-11,R Premadasa Stadium,2,17.4,Sri Lanka,West Indies,SMSM Senanayake,KMDN Kulasekara,SP Narine,1,0,,,,,,,,,
915785,2015/16,2015-11-11,R Premadasa Stadium,2,17.5,Sri Lanka,West Indies,KMDN Kulasekara,SMSM Senanayake,SP Narine,0,0,,,,,,,,,
915785,2015/16,2015-11-11,R Premadasa Stadium,2,17.6,Sri Lanka,West Indies,KMDN Kulasekara,SMSM Senanayake,SP Narine,1,0,,,,,,,,,
915785,2015/16,2015-11-11,R Premadasa Stadium,2,18.1,Sri Lanka,West Indies,KMDN Kulasekara,SMSM Senanayake,DJ Bravo,1,0,,,,,,,,,
915785,2015/16,2015-11-11,R Premadasa Stadium,2,18.2,Sri Lanka,West Indies,SMSM Senanayake,KMDN Kulasekara,DJ Bravo,0,0,,,,,,caught,SMSM Senanayake,,
915785,2015/16,2015-11-11,R Premadasa Stadium,2,18.3,Sri Lanka,West Indies,KMDN Kulasekara,SL Malinga,DJ Bravo,1,0,,,,,,,,,
915785,2015/16,2015-11-11,R Premadasa Stadium,2,18.4,Sri Lanka,West Indies,SL Malinga,KMDN Kulasekara,DJ Bravo,1,0,,,,,,,,,
915785,2015/16,2015-11-11,R Premadasa Stadium,2,18.5,Sri Lanka,West Indies,KMDN Kulasekara,SL Malinga,DJ Bravo,0,0,,,,,,caught,KMDN Kulasekara,,
915785,2015/16,2015-11-11,R Premadasa Stadium,2,18.6,Sri Lanka,West Indies,PVD Chameera,SL Malinga,DJ Bravo,1,0,,,,,,,,,
915785,2015/16,2015-11-11,R Premadasa Stadium,2,19.1,Sri Lanka,West Indies,PVD Chameera,SL Malinga,R Rampaul,1,0,,,,,,,,,
915785,2015/16,2015-11-11,R Premadasa Stadium,2,19.2,Sri Lanka,West Indies,SL Malinga,PVD Chameera,R Rampaul,0,0,,,,,,,,,
915785,2015/16,2015-11-11,R Premadasa Stadium,2,19.3,Sri Lanka,West Indies,SL Malinga,PVD Chameera,R Rampaul,1,0,,,,,,,,,
915785,2015/16,2015-11-11,R Premadasa Stadium,2,19.4,Sri Lanka,West Indies,PVD Chameera,SL Malinga,R Rampaul,0,0,,,,,,,,,
915785,2015/16,2015-11-11,R Premadasa Stadium,2,19.5,Sri Lanka,West Indies,PVD Chameera,SL Malinga,R Rampaul,1,0,,,,,,,,,
915785,2015/16,2015-11-11,R Premadasa Stadium,2,19.6,Sri Lanka,West Indies,SL Malinga,PVD Chameera,R Rampaul,0,0,,,,,,bowled,SL Malinga,,
