match_id,season,start_date,venue,innings,ball,batting_team,bowling_team,striker,non_striker,bowler,runs_off_bat,extras,wides,noballs,byes,legbyes,penalty,wicket_type,player_dismissed,other_wicket_type,other_player_dismissed
954741,2015/16,2016-02-14,Sheikh Zayed Stadium,1,0.1,Ireland,United Arab Emirates,WTS Porterfield,PR Stirling,Mohammad Naveed,0,0,,,,,,,,,
954741,2015/16,2016-02-14,Sheikh Zayed Stadium,1,0.2,Ireland,United Arab Emirates,WTS Porterfield,PR Stirling,Mohammad Naveed,0,1,1,,,,,,,,
954741,2015/16,2016-02-14,Sheikh Zayed Stadium,1,0.3,Ireland,United Arab Emirates,WTS Porterfield,PR Stirling,Mohammad Naveed,0,0,,,,,,,,,
954741,2015/16,2016-02-14,Sheikh Zayed Stadium,1,0.4,Ireland,United Arab Emirates,WTS Porterfield,PR Stirling,Mohammad Naveed,0,1,1,,,,,,,,
954741,2015/16,2016-02-14,Sheikh Zayed Stadium,1,0.5,Ireland,United Arab Emirates,WTS Porterfield,PR Stirling,Mohammad Naveed,0,0,,,,,,,,,
954741,2015/16,2016-02-14,Sheikh Zayed Stadium,1,0.6,Ireland,United Arab Emirates,WTS Porterfield,PR Stirling,Mohammad Naveed,0,1,1,,,,,,,,
954741,2015/16,2016-02-14,Sheikh Zayed Stadium,1,0.7,Ireland,United Arab Emirates,WTS Porterfield,PR Stirling,Mohammad Naveed,0,0,,,,,,,,,
954741,2015/16,2016-02-14,Sheikh Zayed Stadium,1,0.8,Ireland,United Arab Emirates,WTS Porterfield,PR Stirling,Mohammad Naveed,4,0,,,,,,,,,
954741,2015/16,2016-02-14,Sheikh Zayed Stadium,1,0.9,Ireland,United Arab Emirates,WTS Porterfield,PR Stirling,Mohammad Naveed,4,0,,,,,,,,,
954741,2015/16,2016-02-14,Sheikh Zayed Stadium,1,1.1,Ireland,United Arab Emirates,PR Stirling,WTS Porterfield,Qadeer Ahmed,0,0,,,,,,,,,
954741,2015/16,2016-02-14,Sheikh Zayed Stadium,1,1.2,Ireland,United Arab Emirates,PR Stirling,WTS Porterfield,Qadeer Ahmed,0,0,,,,,,,,,
954741,2015/16,2016-02-14,Sheikh Zayed Stadium,1,1.3,Ireland,United Arab Emirates,PR Stirling,WTS Porterfield,Qadeer Ahmed,1,0,,,,,,,,,
954741,2015/16,2016-02-14,Sheikh Zayed Stadium,1,1.4,Ireland,United Arab Emirates,WTS Porterfield,PR Stirling,Qadeer Ahmed,0,0,,,,,,,,,
954741,2015/16,2016-02-14,Sheikh Zayed Stadium,1,1.5,Ireland,United Arab Emirates,WTS Porterfield,PR Stirling,Qadeer Ahmed,0,0,,,,,,,,,
954741,2015/16,2016-02-14,Sheikh Zayed Stadium,1,1.6,Ireland,United Arab Emirates,WTS Porterfield,PR Stirling,Qadeer Ahmed,0,0,,,,,,,,,
954741,2015/16,2016-02-14,Sheikh Zayed Stadium,1,2.1,Ireland,United Arab Emirates,PR Stirling,WTS Porterfield,Mohammad Naveed,0,0,,,,,,run out,WTS Porterfield,,
954741,2015/16,2016-02-14,Sheikh Zayed Stadium,1,2.2,Ireland,United Arab Emirates,SW Poynter,PR Stirling,Mohammad Naveed,0,1,1,,,,,,,,
954741,2015/16,2016-02-14,Sheikh Zayed Stadium,1,2.3,Ireland,United Arab Emirates,SW Poynter,PR Stirling,Mohammad Naveed,0,0,,,,,,,,,
954741,2015/16,2016-02-14,Sheikh Zayed Stadium,1,2.4,Ireland,United Arab Emirates,SW Poynter,PR Stirling,Mohammad Naveed,0,0,,,,,,,,,
954741,2015/16,2016-02-14,Sheikh Zayed Stadium,1,2.5,Ireland,United Arab Emirates,SW Poynter,PR Stirling,Mohammad Naveed,1,0,,,,,,,,,
954741,2015/16,2016-02-14,Sheikh Zayed Stadium,1,2.6,Ireland,United Arab Emirates,PR Stirling,SW Poynter,Mohammad Naveed,1,0,,,,,,,,,
954741,2015/16,2016-02-14,Sheikh Zayed Stadium,1,2.7,Ireland,United Arab Emirates,SW Poynter,PR Stirling,Mohammad Naveed,0,1,,,,1,,,,,
954741,2015/16,2016-02-14,Sheikh Zayed Stadium,1,3.1,Ireland,United Arab Emirates,SW Poynter,PR Stirling,Qadeer Ahmed,0,0,,,,,,,,,
954741,2015/16,2016-02-14,Sheikh Zayed Stadium,1,3.2,Ireland,United Arab Emirates,SW Poynter,PR Stirling,Qadeer Ahmed,0,0,,,,,,,,,
954741,2015/16,2016-02-14,Sheikh Zayed Stadium,1,3.3,Ireland,United Arab Emirates,SW Poynter,PR Stirling,Qadeer Ahmed,0,0,,,,,,,,,
954741,2015/16,2016-02-14,Sheikh Zayed Stadium,1,3.4,Ireland,United Arab Emirates,SW Poynter,PR Stirling,Qadeer Ahmed,0,0,,,,,,bowled,SW Poynter,,
954741,2015/16,2016-02-14,Sheikh Zayed Stadium,1,3.5,Ireland,United Arab Emirates,GC Wilson,PR Stirling,Qadeer Ahmed,0,0,,,,,,,,,
954741,2015/16,2016-02-14,Sheikh Zayed Stadium,1,3.6,Ireland,United Arab Emirates,GC Wilson,PR Stirling,Qadeer Ahmed,0,0,,,,,,,,,
954741,2015/16,2016-02-14,Sheikh Zayed Stadium,1,4.1,Ireland,United Arab Emirates,PR Stirling,GC Wilson,Amjad Javed,0,0,,,,,,bowled,PR Stirling,,
954741,2015/16,2016-02-14,Sheikh Zayed Stadium,1,4.2,Ireland,United Arab Emirates,NJ O'Brien,GC Wilson,Amjad Javed,0,0,,,,,,,,,
954741,2015/16,2016-02-14,Sheikh Zayed Stadium,1,4.3,Ireland,United Arab Emirates,NJ O'Brien,GC Wilson,Amjad Javed,0,0,,,,,,,,,
954741,2015/16,2016-02-14,Sheikh Zayed Stadium,1,4.4,Ireland,United Arab Emirates,NJ O'Brien,GC Wilson,Amjad Javed,2,0,,,,,,,,,
954741,2015/16,2016-02-14,Sheikh Zayed Stadium,1,4.5,Ireland,United Arab Emirates,NJ O'Brien,GC Wilson,Amjad Javed,1,0,,,,,,,,,
954741,2015/16,2016-02-14,Sheikh Zayed Stadium,1,4.6,Ireland,United Arab Emirates,GC Wilson,NJ O'Brien,Amjad Javed,0,0,,,,,,bowled,GC Wilson,,
954741,2015/16,2016-02-14,Sheikh Zayed Stadium,1,5.1,Ireland,United Arab Emirates,NJ O'Brien,KJ O'Brien,Qadeer Ahmed,0,0,,,,,,,,,
954741,2015/16,2016-02-14,Sheikh Zayed Stadium,1,5.2,Ireland,United Arab Emirates,NJ O'Brien,KJ O'Brien,Qadeer Ahmed,0,0,,,,,,,,,
954741,2015/16,2016-02-14,Sheikh Zayed Stadium,1,5.3,Ireland,United Arab Emirates,NJ O'Brien,KJ O'Brien,Qadeer Ahmed,1,0,,,,,,,,,
954741,2015/16,2016-02-14,Sheikh Zayed Stadium,1,5.4,Ireland,United Arab Emirates,KJ O'Brien,NJ O'Brien,Qadeer Ahmed,0,0,,,,,,,,,
954741,2015/16,2016-02-14,Sheikh Zayed Stadium,1,5.5,Ireland,United Arab Emirates,KJ O'Brien,NJ O'Brien,Qadeer Ahmed,0,0,,,,,,,,,
954741,2015/16,2016-02-14,Sheikh Zayed Stadium,1,5.6,Ireland,United Arab Emirates,KJ O'Brien,NJ O'Brien,Qadeer Ahmed,0,0,,,,,,,,,
954741,2015/16,2016-02-14,Sheikh Zayed Stadium,1,6.1,Ireland,United Arab Emirates,NJ O'Brien,KJ O'Brien,Amjad Javed,2,0,,,,,,,,,
954741,2015/16,2016-02-14,Sheikh Zayed Stadium,1,6.2,Ireland,United Arab Emirates,NJ O'Brien,KJ O'Brien,Amjad Javed,2,0,,,,,,,,,
954741,2015/16,2016-02-14,Sheikh Zayed Stadium,1,6.3,Ireland,United Arab Emirates,NJ O'Brien,KJ O'Brien,Amjad Javed,1,0,,,,,,,,,
954741,2015/16,2016-02-14,Sheikh Zayed Stadium,1,6.4,Ireland,United Arab Emirates,KJ O'Brien,NJ O'Brien,Amjad Javed,0,0,,,,,,,,,
954741,2015/16,2016-02-14,Sheikh Zayed Stadium,1,6.5,Ireland,United Arab Emirates,KJ O'Brien,NJ O'Brien,Amjad Javed,0,0,,,,,,,,,
954741,2015/16,2016-02-14,Sheikh Zayed Stadium,1,6.6,Ireland,United Arab Emirates,KJ O'Brien,NJ O'Brien,Amjad Javed,4,0,,,,,,,,,
954741,2015/16,2016-02-14,Sheikh Zayed Stadium,1,7.1,Ireland,United Arab Emirates,NJ O'Brien,KJ O'Brien,Mohammad Shahzad (2),1,0,,,,,,,,,
954741,2015/16,2016-02-14,Sheikh Zayed Stadium,1,7.2,Ireland,United Arab Emirates,KJ O'Brien,NJ O'Brien,Mohammad Shahzad (2),1,0,,,,,,,,,
954741,2015/16,2016-02-14,Sheikh Zayed Stadium,1,7.3,Ireland,United Arab Emirates,NJ O'Brien,KJ O'Brien,Mohammad Shahzad (2),0,0,,,,,,,,,
954741,2015/16,2016-02-14,Sheikh Zayed Stadium,1,7.4,Ireland,United Arab Emirates,NJ O'Brien,KJ O'Brien,Mohammad Shahzad (2),1,0,,,,,,,,,
954741,2015/16,2016-02-14,Sheikh Zayed Stadium,1,7.5,Ireland,United Arab Emirates,KJ O'Brien,NJ O'Brien,Mohammad Shahzad (2),0,0,,,,,,,,,
954741,2015/16,2016-02-14,Sheikh Zayed Stadium,1,7.6,Ireland,United Arab Emirates,KJ O'Brien,NJ O'Brien,Mohammad Shahzad (2),0,0,,,,,,,,,
954741,2015/16,2016-02-14,Sheikh Zayed Stadium,1,8.1,Ireland,United Arab Emirates,NJ O'Brien,KJ O'Brien,Zaheer Maqsood,1,0,,,,,,,,,
954741,2015/16,2016-02-14,Sheikh Zayed Stadium,1,8.2,Ireland,United Arab Emirates,KJ O'Brien,NJ O'Brien,Zaheer Maqsood,1,0,,,,,,,,,
954741,2015/16,2016-02-14,Sheikh Zayed Stadium,1,8.3,Ireland,United Arab Emirates,NJ O'Brien,KJ O'Brien,Zaheer Maqsood,1,0,,,,,,,,,
954741,2015/16,2016-02-14,Sheikh Zayed Stadium,1,8.4,Ireland,United Arab Emirates,KJ O'Brien,NJ O'Brien,Zaheer Maqsood,1,0,,,,,,,,,
954741,2015/16,2016-02-14,Sheikh Zayed Stadium,1,8.5,Ireland,United Arab Emirates,NJ O'Brien,KJ O'Brien,Zaheer Maqsood,1,0,,,,,,,,,
954741,2015/16,2016-02-14,Sheikh Zayed Stadium,1,8.6,Ireland,United Arab Emirates,KJ O'Brien,NJ O'Brien,Zaheer Maqsood,4,0,,,,,,,,,
954741,2015/16,2016-02-14,Sheikh Zayed Stadium,1,9.1,Ireland,United Arab Emirates,NJ O'Brien,KJ O'Brien,Mohammad Shahzad (2),1,0,,,,,,,,,
954741,2015/16,2016-02-14,Sheikh Zayed Stadium,1,9.2,Ireland,United Arab Emirates,KJ O'Brien,NJ O'Brien,Mohammad Shahzad (2),0,0,,,,,,,,,
954741,2015/16,2016-02-14,Sheikh Zayed Stadium,1,9.3,Ireland,United Arab Emirates,KJ O'Brien,NJ O'Brien,Mohammad Shahzad (2),0,0,,,,,,,,,
954741,2015/16,2016-02-14,Sheikh Zayed Stadium,1,9.4,Ireland,United Arab Emirates,KJ O'Brien,NJ O'Brien,Mohammad Shahzad (2),1,0,,,,,,,,,
954741,2015/16,2016-02-14,Sheikh Zayed Stadium,1,9.5,Ireland,United Arab Emirates,NJ O'Brien,KJ O'Brien,Mohammad Shahzad (2),1,0,,,,,,,,,
954741,2015/16,2016-02-14,Sheikh Zayed Stadium,1,9.6,Ireland,United Arab Emirates,KJ O'Brien,NJ O'Brien,Mohammad Shahzad (2),2,0,,,,,,,,,
954741,2015/16,2016-02-14,Sheikh Zayed Stadium,1,10.1,Ireland,United Arab Emirates,NJ O'Brien,KJ O'Brien,Zaheer Maqsood,2,0,,,,,,,,,
954741,2015/16,2016-02-14,Sheikh Zayed Stadium,1,10.2,Ireland,United Arab Emirates,NJ O'Brien,KJ O'Brien,Zaheer Maqsood,6,0,,,,,,,,,
954741,2015/16,2016-02-14,Sheikh Zayed Stadium,1,10.3,Ireland,United Arab Emirates,NJ O'Brien,KJ O'Brien,Zaheer Maqsood,1,0,,,,,,,,,
954741,2015/16,2016-02-14,Sheikh Zayed Stadium,1,10.4,Ireland,United Arab Emirates,KJ O'Brien,NJ O'Brien,Zaheer Maqsood,1,0,,,,,,,,,
954741,2015/16,2016-02-14,Sheikh Zayed Stadium,1,10.5,Ireland,United Arab Emirates,NJ O'Brien,KJ O'Brien,Zaheer Maqsood,1,0,,,,,,,,,
954741,2015/16,2016-02-14,Sheikh Zayed Stadium,1,10.6,Ireland,United Arab Emirates,KJ O'Brien,NJ O'Brien,Zaheer Maqsood,1,0,,,,,,,,,
954741,2015/16,2016-02-14,Sheikh Zayed Stadium,1,11.1,Ireland,United Arab Emirates,KJ O'Brien,NJ O'Brien,Mohammad Shahzad (2),1,0,,,,,,,,,
954741,2015/16,2016-02-14,Sheikh Zayed Stadium,1,11.2,Ireland,United Arab Emirates,NJ O'Brien,KJ O'Brien,Mohammad Shahzad (2),4,0,,,,,,,,,
954741,2015/16,2016-02-14,Sheikh Zayed Stadium,1,11.3,Ireland,United Arab Emirates,NJ O'Brien,KJ O'Brien,Mohammad Shahzad (2),1,0,,,,,,,,,
954741,2015/16,2016-02-14,Sheikh Zayed Stadium,1,11.4,Ireland,United Arab Emirates,KJ O'Brien,NJ O'Brien,Mohammad Shahzad (2),0,1,,,,1,,,,,
954741,2015/16,2016-02-14,Sheikh Zayed Stadium,1,11.5,Ireland,United Arab Emirates,NJ O'Brien,KJ O'Brien,Mohammad Shahzad (2),0,1,,,,1,,,,,
954741,2015/16,2016-02-14,Sheikh Zayed Stadium,1,11.6,Ireland,United Arab Emirates,KJ O'Brien,NJ O'Brien,Mohammad Shahzad (2),0,0,,,,,,,,,
954741,2015/16,2016-02-14,Sheikh Zayed Stadium,1,12.1,Ireland,United Arab Emirates,NJ O'Brien,KJ O'Brien,Rohan Mustafa,2,0,,,,,,,,,
954741,2015/16,2016-02-14,Sheikh Zayed Stadium,1,12.2,Ireland,United Arab Emirates,NJ O'Brien,KJ O'Brien,Rohan Mustafa,4,0,,,,,,,,,
954741,2015/16,2016-02-14,Sheikh Zayed Stadium,1,12.3,Ireland,United Arab Emirates,NJ O'Brien,KJ O'Brien,Rohan Mustafa,1,0,,,,,,,,,
954741,2015/16,2016-02-14,Sheikh Zayed Stadium,1,12.4,Ireland,United Arab Emirates,KJ O'Brien,NJ O'Brien,Rohan Mustafa,0,0,,,,,,,,,
954741,2015/16,2016-02-14,Sheikh Zayed Stadium,1,12.5,Ireland,United Arab Emirates,KJ O'Brien,NJ O'Brien,Rohan Mustafa,1,0,,,,,,,,,
954741,2015/16,2016-02-14,Sheikh Zayed Stadium,1,12.6,Ireland,United Arab Emirates,NJ O'Brien,KJ O'Brien,Rohan Mustafa,0,0,,,,,,stumped,NJ O'Brien,,
954741,2015/16,2016-02-14,Sheikh Zayed Stadium,1,13.1,Ireland,United Arab Emirates,KJ O'Brien,AR McBrine,Mohammad Shahzad (2),1,0,,,,,,,,,
954741,2015/16,2016-02-14,Sheikh Zayed Stadium,1,13.2,Ireland,United Arab Emirates,AR McBrine,KJ O'Brien,Mohammad Shahzad (2),1,0,,,,,,,,,
954741,2015/16,2016-02-14,Sheikh Zayed Stadium,1,13.3,Ireland,United Arab Emirates,KJ O'Brien,AR McBrine,Mohammad Shahzad (2),1,0,,,,,,,,,
954741,2015/16,2016-02-14,Sheikh Zayed Stadium,1,13.4,Ireland,United Arab Emirates,AR McBrine,KJ O'Brien,Mohammad Shahzad (2),0,0,,,,,,,,,
954741,2015/16,2016-02-14,Sheikh Zayed Stadium,1,13.5,Ireland,United Arab Emirates,AR McBrine,KJ O'Brien,Mohammad Shahzad (2),0,0,,,,,,,,,
954741,2015/16,2016-02-14,Sheikh Zayed Stadium,1,13.6,Ireland,United Arab Emirates,AR McBrine,KJ O'Brien,Mohammad Shahzad (2),0,0,,,,,,bowled,AR McBrine,,
954741,2015/16,2016-02-14,Sheikh Zayed Stadium,1,14.1,Ireland,United Arab Emirates,KJ O'Brien,MC Sorensen,Rohan Mustafa,1,0,,,,,,,,,
954741,2015/16,2016-02-14,Sheikh Zayed Stadium,1,14.2,Ireland,United Arab Emirates,MC Sorensen,KJ O'Brien,Rohan Mustafa,0,0,,,,,,,,,
954741,2015/16,2016-02-14,Sheikh Zayed Stadium,1,14.3,Ireland,United Arab Emirates,MC Sorensen,KJ O'Brien,Rohan Mustafa,1,0,,,,,,,,,
954741,2015/16,2016-02-14,Sheikh Zayed Stadium,1,14.4,Ireland,United Arab Emirates,KJ O'Brien,MC Sorensen,Rohan Mustafa,1,0,,,,,,,,,
954741,2015/16,2016-02-14,Sheikh Zayed Stadium,1,14.5,Ireland,United Arab Emirates,MC Sorensen,KJ O'Brien,Rohan Mustafa,2,0,,,,,,,,,
954741,2015/16,2016-02-14,Sheikh Zayed Stadium,1,14.6,Ireland,United Arab Emirates,MC Sorensen,KJ O'Brien,Rohan Mustafa,2,0,,,,,,,,,
954741,2015/16,2016-02-14,Sheikh Zayed Stadium,1,15.1,Ireland,United Arab Emirates,KJ O'Brien,MC Sorensen,Mohammad Naveed,1,0,,,,,,,,,
954741,2015/16,2016-02-14,Sheikh Zayed Stadium,1,15.2,Ireland,United Arab Emirates,MC Sorensen,KJ O'Brien,Mohammad Naveed,2,0,,,,,,,,,
954741,2015/16,2016-02-14,Sheikh Zayed Stadium,1,15.3,Ireland,United Arab Emirates,MC Sorensen,KJ O'Brien,Mohammad Naveed,2,0,,,,,,,,,
954741,2015/16,2016-02-14,Sheikh Zayed Stadium,1,15.4,Ireland,United Arab Emirates,MC Sorensen,KJ O'Brien,Mohammad Naveed,0,0,,,,,,,,,
954741,2015/16,2016-02-14,Sheikh Zayed Stadium,1,15.5,Ireland,United Arab Emirates,MC Sorensen,KJ O'Brien,Mohammad Naveed,1,0,,,,,,,,,
954741,2015/16,2016-02-14,Sheikh Zayed Stadium,1,15.6,Ireland,United Arab Emirates,KJ O'Brien,MC Sorensen,Mohammad Naveed,0,0,,,,,,bowled,KJ O'Brien,,
954741,2015/16,2016-02-14,Sheikh Zayed Stadium,1,16.1,Ireland,United Arab Emirates,MC Sorensen,TJ Murtagh,Rohan Mustafa,2,0,,,,,,,,,
954741,2015/16,2016-02-14,Sheikh Zayed Stadium,1,16.2,Ireland,United Arab Emirates,MC Sorensen,TJ Murtagh,Rohan Mustafa,2,0,,,,,,,,,
954741,2015/16,2016-02-14,Sheikh Zayed Stadium,1,16.3,Ireland,United Arab Emirates,MC Sorensen,TJ Murtagh,Rohan Mustafa,4,0,,,,,,,,,
954741,2015/16,2016-02-14,Sheikh Zayed Stadium,1,16.4,Ireland,United Arab Emirates,MC Sorensen,TJ Murtagh,Rohan Mustafa,1,0,,,,,,,,,
954741,2015/16,2016-02-14,Sheikh Zayed Stadium,1,16.5,Ireland,United Arab Emirates,TJ Murtagh,MC Sorensen,Rohan Mustafa,0,0,,,,,,,,,
954741,2015/16,2016-02-14,Sheikh Zayed Stadium,1,16.6,Ireland,United Arab Emirates,TJ Murtagh,MC Sorensen,Rohan Mustafa,0,0,,,,,,,,,
954741,2015/16,2016-02-14,Sheikh Zayed Stadium,1,17.1,Ireland,United Arab Emirates,MC Sorensen,TJ Murtagh,Amjad Javed,6,0,,,,,,,,,
954741,2015/16,2016-02-14,Sheikh Zayed Stadium,1,17.2,Ireland,United Arab Emirates,MC Sorensen,TJ Murtagh,Amjad Javed,1,0,,,,,,,,,
954741,2015/16,2016-02-14,Sheikh Zayed Stadium,1,17.3,Ireland,United Arab Emirates,TJ Murtagh,MC Sorensen,Amjad Javed,1,0,,,,,,,,,
954741,2015/16,2016-02-14,Sheikh Zayed Stadium,1,17.4,Ireland,United Arab Emirates,MC Sorensen,TJ Murtagh,Amjad Javed,0,0,,,,,,lbw,MC Sorensen,,
954741,2015/16,2016-02-14,Sheikh Zayed Stadium,1,17.5,Ireland,United Arab Emirates,WB Rankin,TJ Murtagh,Amjad Javed,0,0,,,,,,,,,
954741,2015/16,2016-02-14,Sheikh Zayed Stadium,1,17.6,Ireland,United Arab Emirates,WB Rankin,TJ Murtagh,Amjad Javed,1,0,,,,,,,,,
954741,2015/16,2016-02-14,Sheikh Zayed Stadium,1,18.1,Ireland,United Arab Emirates,WB Rankin,TJ Murtagh,Mohammad Naveed,0,0,,,,,,,,,
954741,2015/16,2016-02-14,Sheikh Zayed Stadium,1,18.2,Ireland,United Arab Emirates,WB Rankin,TJ Murtagh,Mohammad Naveed,1,0,,,,,,,,,
954741,2015/16,2016-02-14,Sheikh Zayed Stadium,1,18.3,Ireland,United Arab Emirates,TJ Murtagh,WB Rankin,Mohammad Naveed,1,0,,,,,,,,,
954741,2015/16,2016-02-14,Sheikh Zayed Stadium,1,18.4,Ireland,United Arab Emirates,WB Rankin,TJ Murtagh,Mohammad Naveed,2,0,,,,,,,,,
954741,2015/16,2016-02-14,Sheikh Zayed Stadium,1,18.5,Ireland,United Arab Emirates,WB Rankin,TJ Murtagh,Mohammad Naveed,1,0,,,,,,,,,
954741,2015/16,2016-02-14,Sheikh Zayed Stadium,1,18.6,Ireland,United Arab Emirates,TJ Murtagh,WB Rankin,Mohammad Naveed,1,0,,,,,,,,,
954741,2015/16,2016-02-14,Sheikh Zayed Stadium,1,19.1,Ireland,United Arab Emirates,TJ Murtagh,WB Rankin,Amjad Javed,1,0,,,,,,,,,
954741,2015/16,2016-02-14,Sheikh Zayed Stadium,1,19.2,Ireland,United Arab Emirates,WB Rankin,TJ Murtagh,Amjad Javed,4,0,,,,,,,,,
954741,2015/16,2016-02-14,Sheikh Zayed Stadium,1,19.3,Ireland,United Arab Emirates,WB Rankin,TJ Murtagh,Amjad Javed,6,0,,,,,,,,,
954741,2015/16,2016-02-14,Sheikh Zayed Stadium,1,19.4,Ireland,United Arab Emirates,WB Rankin,TJ Murtagh,Amjad Javed,1,0,,,,,,,,,
954741,2015/16,2016-02-14,Sheikh Zayed Stadium,1,19.5,Ireland,United Arab Emirates,TJ Murtagh,WB Rankin,Amjad Javed,6,0,,,,,,,,,
954741,2015/16,2016-02-14,Sheikh Zayed Stadium,1,19.6,Ireland,United Arab Emirates,TJ Murtagh,WB Rankin,Amjad Javed,2,0,,,,,,,,,
954741,2015/16,2016-02-14,Sheikh Zayed Stadium,2,0.1,United Arab Emirates,Ireland,Rohan Mustafa,Mohammad Shahzad (2),TJ Murtagh,2,0,,,,,,,,,
954741,2015/16,2016-02-14,Sheikh Zayed Stadium,2,0.2,United Arab Emirates,Ireland,Rohan Mustafa,Mohammad Shahzad (2),TJ Murtagh,0,0,,,,,,,,,
954741,2015/16,2016-02-14,Sheikh Zayed Stadium,2,0.3,United Arab Emirates,Ireland,Rohan Mustafa,Mohammad Shahzad (2),TJ Murtagh,0,0,,,,,,,,,
954741,2015/16,2016-02-14,Sheikh Zayed Stadium,2,0.4,United Arab Emirates,Ireland,Rohan Mustafa,Mohammad Shahzad (2),TJ Murtagh,1,0,,,,,,,,,
954741,2015/16,2016-02-14,Sheikh Zayed Stadium,2,0.5,United Arab Emirates,Ireland,Mohammad Shahzad (2),Rohan Mustafa,TJ Murtagh,0,0,,,,,,bowled,Mohammad Shahzad (2),,
954741,2015/16,2016-02-14,Sheikh Zayed Stadium,2,0.6,United Arab Emirates,Ireland,Shaiman Anwar,Rohan Mustafa,TJ Murtagh,0,0,,,,,,,,,
954741,2015/16,2016-02-14,Sheikh Zayed Stadium,2,1.1,United Arab Emirates,Ireland,Rohan Mustafa,Shaiman Anwar,CA Young,0,1,1,,,,,,,,
954741,2015/16,2016-02-14,Sheikh Zayed Stadium,2,1.2,United Arab Emirates,Ireland,Rohan Mustafa,Shaiman Anwar,CA Young,4,0,,,,,,,,,
954741,2015/16,2016-02-14,Sheikh Zayed Stadium,2,1.3,United Arab Emirates,Ireland,Rohan Mustafa,Shaiman Anwar,CA Young,0,0,,,,,,,,,
954741,2015/16,2016-02-14,Sheikh Zayed Stadium,2,1.4,United Arab Emirates,Ireland,Rohan Mustafa,Shaiman Anwar,CA Young,0,0,,,,,,caught,Rohan Mustafa,,
954741,2015/16,2016-02-14,Sheikh Zayed Stadium,2,1.5,United Arab Emirates,Ireland,Shaiman Anwar,Muhammad Usman,CA Young,0,0,,,,,,,,,
954741,2015/16,2016-02-14,Sheikh Zayed Stadium,2,1.6,United Arab Emirates,Ireland,Shaiman Anwar,Muhammad Usman,CA Young,0,0,,,,,,,,,
954741,2015/16,2016-02-14,Sheikh Zayed Stadium,2,1.7,United Arab Emirates,Ireland,Shaiman Anwar,Muhammad Usman,CA Young,0,0,,,,,,,,,
954741,2015/16,2016-02-14,Sheikh Zayed Stadium,2,2.1,United Arab Emirates,Ireland,Muhammad Usman,Shaiman Anwar,TJ Murtagh,0,0,,,,,,,,,
954741,2015/16,2016-02-14,Sheikh Zayed Stadium,2,2.2,United Arab Emirates,Ireland,Muhammad Usman,Shaiman Anwar,TJ Murtagh,4,0,,,,,,,,,
954741,2015/16,2016-02-14,Sheikh Zayed Stadium,2,2.3,United Arab Emirates,Ireland,Muhammad Usman,Shaiman Anwar,TJ Murtagh,0,0,,,,,,,,,
954741,2015/16,2016-02-14,Sheikh Zayed Stadium,2,2.4,United Arab Emirates,Ireland,Muhammad Usman,Shaiman Anwar,TJ Murtagh,0,0,,,,,,,,,
954741,2015/16,2016-02-14,Sheikh Zayed Stadium,2,2.5,United Arab Emirates,Ireland,Muhammad Usman,Shaiman Anwar,TJ Murtagh,1,0,,,,,,,,,
954741,2015/16,2016-02-14,Sheikh Zayed Stadium,2,2.6,United Arab Emirates,Ireland,Shaiman Anwar,Muhammad Usman,TJ Murtagh,0,0,,,,,,,,,
954741,2015/16,2016-02-14,Sheikh Zayed Stadium,2,3.1,United Arab Emirates,Ireland,Muhammad Usman,Shaiman Anwar,WB Rankin,0,0,,,,,,,,,
954741,2015/16,2016-02-14,Sheikh Zayed Stadium,2,3.2,United Arab Emirates,Ireland,Muhammad Usman,Shaiman Anwar,WB Rankin,0,0,,,,,,,,,
954741,2015/16,2016-02-14,Sheikh Zayed Stadium,2,3.3,United Arab Emirates,Ireland,Muhammad Usman,Shaiman Anwar,WB Rankin,0,0,,,,,,,,,
954741,2015/16,2016-02-14,Sheikh Zayed Stadium,2,3.4,United Arab Emirates,Ireland,Muhammad Usman,Shaiman Anwar,WB Rankin,2,0,,,,,,,,,
954741,2015/16,2016-02-14,Sheikh Zayed Stadium,2,3.5,United Arab Emirates,Ireland,Muhammad Usman,Shaiman Anwar,WB Rankin,0,0,,,,,,bowled,Muhammad Usman,,
954741,2015/16,2016-02-14,Sheikh Zayed Stadium,2,3.6,United Arab Emirates,Ireland,SP Patil,Shaiman Anwar,WB Rankin,1,0,,,,,,,,,
954741,2015/16,2016-02-14,Sheikh Zayed Stadium,2,4.1,United Arab Emirates,Ireland,SP Patil,Shaiman Anwar,MC Sorensen,0,0,,,,,,,,,
954741,2015/16,2016-02-14,Sheikh Zayed Stadium,2,4.2,United Arab Emirates,Ireland,SP Patil,Shaiman Anwar,MC Sorensen,0,0,,,,,,,,,
954741,2015/16,2016-02-14,Sheikh Zayed Stadium,2,4.3,United Arab Emirates,Ireland,SP Patil,Shaiman Anwar,MC Sorensen,4,0,,,,,,,,,
954741,2015/16,2016-02-14,Sheikh Zayed Stadium,2,4.4,United Arab Emirates,Ireland,SP Patil,Shaiman Anwar,MC Sorensen,0,0,,,,,,,,,
954741,2015/16,2016-02-14,Sheikh Zayed Stadium,2,4.5,United Arab Emirates,Ireland,SP Patil,Shaiman Anwar,MC Sorensen,2,0,,,,,,,,,
954741,2015/16,2016-02-14,Sheikh Zayed Stadium,2,4.6,United Arab Emirates,Ireland,SP Patil,Shaiman Anwar,MC Sorensen,1,0,,,,,,,,,
954741,2015/16,2016-02-14,Sheikh Zayed Stadium,2,5.1,United Arab Emirates,Ireland,SP Patil,Shaiman Anwar,WB Rankin,0,0,,,,,,,,,
954741,2015/16,2016-02-14,Sheikh Zayed Stadium,2,5.2,United Arab Emirates,Ireland,SP Patil,Shaiman Anwar,WB Rankin,6,0,,,,,,,,,
954741,2015/16,2016-02-14,Sheikh Zayed Stadium,2,5.3,United Arab Emirates,Ireland,SP Patil,Shaiman Anwar,WB Rankin,0,1,1,,,,,,,,
954741,2015/16,2016-02-14,Sheikh Zayed Stadium,2,5.4,United Arab Emirates,Ireland,SP Patil,Shaiman Anwar,WB Rankin,0,0,,,,,,,,,
954741,2015/16,2016-02-14,Sheikh Zayed Stadium,2,5.5,United Arab Emirates,Ireland,SP Patil,Shaiman Anwar,WB Rankin,0,0,,,,,,caught,SP Patil,,
954741,2015/16,2016-02-14,Sheikh Zayed Stadium,2,5.6,United Arab Emirates,Ireland,Amjad Javed,Shaiman Anwar,WB Rankin,0,1,1,,,,,,,,
954741,2015/16,2016-02-14,Sheikh Zayed Stadium,2,5.7,United Arab Emirates,Ireland,Amjad Javed,Shaiman Anwar,WB Rankin,0,0,,,,,,,,,
954741,2015/16,2016-02-14,Sheikh Zayed Stadium,2,5.8,United Arab Emirates,Ireland,Amjad Javed,Shaiman Anwar,WB Rankin,0,0,,,,,,,,,
954741,2015/16,2016-02-14,Sheikh Zayed Stadium,2,6.1,United Arab Emirates,Ireland,Shaiman Anwar,Amjad Javed,MC Sorensen,0,0,,,,,,,,,
954741,2015/16,2016-02-14,Sheikh Zayed Stadium,2,6.2,United Arab Emirates,Ireland,Shaiman Anwar,Amjad Javed,MC Sorensen,1,0,,,,,,,,,
954741,2015/16,2016-02-14,Sheikh Zayed Stadium,2,6.3,United Arab Emirates,Ireland,Amjad Javed,Shaiman Anwar,MC Sorensen,1,0,,,,,,,,,
954741,2015/16,2016-02-14,Sheikh Zayed Stadium,2,6.4,United Arab Emirates,Ireland,Shaiman Anwar,Amjad Javed,MC Sorensen,1,0,,,,,,,,,
954741,2015/16,2016-02-14,Sheikh Zayed Stadium,2,6.5,United Arab Emirates,Ireland,Amjad Javed,Shaiman Anwar,MC Sorensen,1,0,,,,,,,,,
954741,2015/16,2016-02-14,Sheikh Zayed Stadium,2,6.6,United Arab Emirates,Ireland,Shaiman Anwar,Amjad Javed,MC Sorensen,1,0,,,,,,,,,
954741,2015/16,2016-02-14,Sheikh Zayed Stadium,2,7.1,United Arab Emirates,Ireland,Shaiman Anwar,Amjad Javed,CA Young,0,0,,,,,,,,,
954741,2015/16,2016-02-14,Sheikh Zayed Stadium,2,7.2,United Arab Emirates,Ireland,Shaiman Anwar,Amjad Javed,CA Young,2,0,,,,,,,,,
954741,2015/16,2016-02-14,Sheikh Zayed Stadium,2,7.3,United Arab Emirates,Ireland,Shaiman Anwar,Amjad Javed,CA Young,0,0,,,,,,,,,
954741,2015/16,2016-02-14,Sheikh Zayed Stadium,2,7.4,United Arab Emirates,Ireland,Shaiman Anwar,Amjad Javed,CA Young,1,0,,,,,,,,,
954741,2015/16,2016-02-14,Sheikh Zayed Stadium,2,7.5,United Arab Emirates,Ireland,Amjad Javed,Shaiman Anwar,CA Young,1,0,,,,,,,,,
954741,2015/16,2016-02-14,Sheikh Zayed Stadium,2,7.6,United Arab Emirates,Ireland,Shaiman Anwar,Amjad Javed,CA Young,6,0,,,,,,,,,
954741,2015/16,2016-02-14,Sheikh Zayed Stadium,2,8.1,United Arab Emirates,Ireland,Amjad Javed,Shaiman Anwar,KJ O'Brien,0,0,,,,,,,,,
954741,2015/16,2016-02-14,Sheikh Zayed Stadium,2,8.2,United Arab Emirates,Ireland,Amjad Javed,Shaiman Anwar,KJ O'Brien,0,0,,,,,,,,,
954741,2015/16,2016-02-14,Sheikh Zayed Stadium,2,8.3,United Arab Emirates,Ireland,Amjad Javed,Shaiman Anwar,KJ O'Brien,0,0,,,,,,bowled,Amjad Javed,,
954741,2015/16,2016-02-14,Sheikh Zayed Stadium,2,8.4,United Arab Emirates,Ireland,Saqlain Haider,Shaiman Anwar,KJ O'Brien,1,0,,,,,,,,,
954741,2015/16,2016-02-14,Sheikh Zayed Stadium,2,8.5,United Arab Emirates,Ireland,Shaiman Anwar,Saqlain Haider,KJ O'Brien,1,0,,,,,,,,,
954741,2015/16,2016-02-14,Sheikh Zayed Stadium,2,8.6,United Arab Emirates,Ireland,Saqlain Haider,Shaiman Anwar,KJ O'Brien,0,0,,,,,,,,,
954741,2015/16,2016-02-14,Sheikh Zayed Stadium,2,9.1,United Arab Emirates,Ireland,Shaiman Anwar,Saqlain Haider,WB Rankin,0,0,,,,,,,,,
954741,2015/16,2016-02-14,Sheikh Zayed Stadium,2,9.2,United Arab Emirates,Ireland,Shaiman Anwar,Saqlain Haider,WB Rankin,0,0,,,,,,,,,
954741,2015/16,2016-02-14,Sheikh Zayed Stadium,2,9.3,United Arab Emirates,Ireland,Shaiman Anwar,Saqlain Haider,WB Rankin,1,0,,,,,,,,,
954741,2015/16,2016-02-14,Sheikh Zayed Stadium,2,9.4,United Arab Emirates,Ireland,Saqlain Haider,Shaiman Anwar,WB Rankin,0,0,,,,,,,,,
954741,2015/16,2016-02-14,Sheikh Zayed Stadium,2,9.5,United Arab Emirates,Ireland,Saqlain Haider,Shaiman Anwar,WB Rankin,1,0,,,,,,,,,
954741,2015/16,2016-02-14,Sheikh Zayed Stadium,2,9.6,United Arab Emirates,Ireland,Shaiman Anwar,Saqlain Haider,WB Rankin,1,0,,,,,,,,,
954741,2015/16,2016-02-14,Sheikh Zayed Stadium,2,10.1,United Arab Emirates,Ireland,Shaiman Anwar,Saqlain Haider,KJ O'Brien,1,0,,,,,,,,,
954741,2015/16,2016-02-14,Sheikh Zayed Stadium,2,10.2,United Arab Emirates,Ireland,Saqlain Haider,Shaiman Anwar,KJ O'Brien,1,0,,,,,,,,,
954741,2015/16,2016-02-14,Sheikh Zayed Stadium,2,10.3,United Arab Emirates,Ireland,Shaiman Anwar,Saqlain Haider,KJ O'Brien,0,0,,,,,,,,,
954741,2015/16,2016-02-14,Sheikh Zayed Stadium,2,10.4,United Arab Emirates,Ireland,Shaiman Anwar,Saqlain Haider,KJ O'Brien,1,0,,,,,,,,,
954741,2015/16,2016-02-14,Sheikh Zayed Stadium,2,10.5,United Arab Emirates,Ireland,Saqlain Haider,Shaiman Anwar,KJ O'Brien,1,0,,,,,,,,,
954741,2015/16,2016-02-14,Sheikh Zayed Stadium,2,10.6,United Arab Emirates,Ireland,Shaiman Anwar,Saqlain Haider,KJ O'Brien,1,0,,,,,,,,,
954741,2015/16,2016-02-14,Sheikh Zayed Stadium,2,11.1,United Arab Emirates,Ireland,Shaiman Anwar,Saqlain Haider,CA Young,0,0,,,,,,,,,
954741,2015/16,2016-02-14,Sheikh Zayed Stadium,2,11.2,United Arab Emirates,Ireland,Shaiman Anwar,Saqlain Haider,CA Young,4,0,,,,,,,,,
954741,2015/16,2016-02-14,Sheikh Zayed Stadium,2,11.3,United Arab Emirates,Ireland,Shaiman Anwar,Saqlain Haider,CA Young,1,0,,,,,,,,,
954741,2015/16,2016-02-14,Sheikh Zayed Stadium,2,11.4,United Arab Emirates,Ireland,Saqlain Haider,Shaiman Anwar,CA Young,0,0,,,,,,,,,
954741,2015/16,2016-02-14,Sheikh Zayed Stadium,2,11.5,United Arab Emirates,Ireland,Saqlain Haider,Shaiman Anwar,CA Young,0,0,,,,,,,,,
954741,2015/16,2016-02-14,Sheikh Zayed Stadium,2,11.6,United Arab Emirates,Ireland,Saqlain Haider,Shaiman Anwar,CA Young,0,0,,,,,,,,,
954741,2015/16,2016-02-14,Sheikh Zayed Stadium,2,12.1,United Arab Emirates,Ireland,Shaiman Anwar,Saqlain Haider,KJ O'Brien,1,0,,,,,,,,,
954741,2015/16,2016-02-14,Sheikh Zayed Stadium,2,12.2,United Arab Emirates,Ireland,Saqlain Haider,Shaiman Anwar,KJ O'Brien,0,0,,,,,,,,,
954741,2015/16,2016-02-14,Sheikh Zayed Stadium,2,12.3,United Arab Emirates,Ireland,Saqlain Haider,Shaiman Anwar,KJ O'Brien,0,0,,,,,,,,,
954741,2015/16,2016-02-14,Sheikh Zayed Stadium,2,12.4,United Arab Emirates,Ireland,Saqlain Haider,Shaiman Anwar,KJ O'Brien,0,0,,,,,,,,,
954741,2015/16,2016-02-14,Sheikh Zayed Stadium,2,12.5,United Arab Emirates,Ireland,Saqlain Haider,Shaiman Anwar,KJ O'Brien,0,0,,,,,,caught,Saqlain Haider,,
954741,2015/16,2016-02-14,Sheikh Zayed Stadium,2,12.6,United Arab Emirates,Ireland,Shaiman Anwar,Fahad Tariq,KJ O'Brien,0,0,,,,,,caught,Shaiman Anwar,,
954741,2015/16,2016-02-14,Sheikh Zayed Stadium,2,13.1,United Arab Emirates,Ireland,Fahad Tariq,Mohammad Naveed,WB Rankin,0,0,,,,,,,,,
954741,2015/16,2016-02-14,Sheikh Zayed Stadium,2,13.2,United Arab Emirates,Ireland,Fahad Tariq,Mohammad Naveed,WB Rankin,0,0,,,,,,,,,
954741,2015/16,2016-02-14,Sheikh Zayed Stadium,2,13.3,United Arab Emirates,Ireland,Fahad Tariq,Mohammad Naveed,WB Rankin,2,0,,,,,,,,,
954741,2015/16,2016-02-14,Sheikh Zayed Stadium,2,13.4,United Arab Emirates,Ireland,Fahad Tariq,Mohammad Naveed,WB Rankin,0,0,,,,,,,,,
954741,2015/16,2016-02-14,Sheikh Zayed Stadium,2,13.5,United Arab Emirates,Ireland,Fahad Tariq,Mohammad Naveed,WB Rankin,0,0,,,,,,,,,
954741,2015/16,2016-02-14,Sheikh Zayed Stadium,2,13.6,United Arab Emirates,Ireland,Fahad Tariq,Mohammad Naveed,WB Rankin,0,0,,,,,,,,,
954741,2015/16,2016-02-14,Sheikh Zayed Stadium,2,14.1,United Arab Emirates,Ireland,Mohammad Naveed,Fahad Tariq,KJ O'Brien,1,0,,,,,,,,,
954741,2015/16,2016-02-14,Sheikh Zayed Stadium,2,14.2,United Arab Emirates,Ireland,Fahad Tariq,Mohammad Naveed,KJ O'Brien,2,0,,,,,,,,,
954741,2015/16,2016-02-14,Sheikh Zayed Stadium,2,14.3,United Arab Emirates,Ireland,Fahad Tariq,Mohammad Naveed,KJ O'Brien,1,0,,,,,,,,,
954741,2015/16,2016-02-14,Sheikh Zayed Stadium,2,14.4,United Arab Emirates,Ireland,Mohammad Naveed,Fahad Tariq,KJ O'Brien,1,0,,,,,,,,,
954741,2015/16,2016-02-14,Sheikh Zayed Stadium,2,14.5,United Arab Emirates,Ireland,Fahad Tariq,Mohammad Naveed,KJ O'Brien,1,0,,,,,,,,,
954741,2015/16,2016-02-14,Sheikh Zayed Stadium,2,14.6,United Arab Emirates,Ireland,Mohammad Naveed,Fahad Tariq,KJ O'Brien,0,0,,,,,,,,,
954741,2015/16,2016-02-14,Sheikh Zayed Stadium,2,15.1,United Arab Emirates,Ireland,Fahad Tariq,Mohammad Naveed,MC Sorensen,0,0,,,,,,,,,
954741,2015/16,2016-02-14,Sheikh Zayed Stadium,2,15.2,United Arab Emirates,Ireland,Fahad Tariq,Mohammad Naveed,MC Sorensen,0,0,,,,,,,,,
954741,2015/16,2016-02-14,Sheikh Zayed Stadium,2,15.3,United Arab Emirates,Ireland,Fahad Tariq,Mohammad Naveed,MC Sorensen,0,0,,,,,,,,,
954741,2015/16,2016-02-14,Sheikh Zayed Stadium,2,15.4,United Arab Emirates,Ireland,Fahad Tariq,Mohammad Naveed,MC Sorensen,4,0,,,,,,,,,
954741,2015/16,2016-02-14,Sheikh Zayed Stadium,2,15.5,United Arab Emirates,Ireland,Fahad Tariq,Mohammad Naveed,MC Sorensen,0,0,,,,,,,,,
954741,2015/16,2016-02-14,Sheikh Zayed Stadium,2,15.6,United Arab Emirates,Ireland,Fahad Tariq,Mohammad Naveed,MC Sorensen,0,1,1,,,,,,,,
954741,2015/16,2016-02-14,Sheikh Zayed Stadium,2,15.7,United Arab Emirates,Ireland,Fahad Tariq,Mohammad Naveed,MC Sorensen,6,0,,,,,,,,,
954741,2015/16,2016-02-14,Sheikh Zayed Stadium,2,16.1,United Arab Emirates,Ireland,Mohammad Naveed,Fahad Tariq,TJ Murtagh,1,0,,,,,,,,,
954741,2015/16,2016-02-14,Sheikh Zayed Stadium,2,16.2,United Arab Emirates,Ireland,Fahad Tariq,Mohammad Naveed,TJ Murtagh,0,1,1,,,,,,,,
954741,2015/16,2016-02-14,Sheikh Zayed Stadium,2,16.3,United Arab Emirates,Ireland,Fahad Tariq,Mohammad Naveed,TJ Murtagh,0,0,,,,,,caught,Fahad Tariq,,
954741,2015/16,2016-02-14,Sheikh Zayed Stadium,2,16.4,United Arab Emirates,Ireland,Zaheer Maqsood,Mohammad Naveed,TJ Murtagh,0,0,,,,,,,,,
954741,2015/16,2016-02-14,Sheikh Zayed Stadium,2,16.5,United Arab Emirates,Ireland,Zaheer Maqsood,Mohammad Naveed,TJ Murtagh,1,0,,,,,,,,,
954741,2015/16,2016-02-14,Sheikh Zayed Stadium,2,16.6,United Arab Emirates,Ireland,Mohammad Naveed,Zaheer Maqsood,TJ Murtagh,0,0,,,,,,,,,
954741,2015/16,2016-02-14,Sheikh Zayed Stadium,2,16.7,United Arab Emirates,Ireland,Mohammad Naveed,Zaheer Maqsood,TJ Murtagh,0,0,,,,,,,,,
954741,2015/16,2016-02-14,Sheikh Zayed Stadium,2,17.1,United Arab Emirates,Ireland,Zaheer Maqsood,Mohammad Naveed,CA Young,1,0,,,,,,,,,
954741,2015/16,2016-02-14,Sheikh Zayed Stadium,2,17.2,United Arab Emirates,Ireland,Mohammad Naveed,Zaheer Maqsood,CA Young,1,0,,,,,,,,,
954741,2015/16,2016-02-14,Sheikh Zayed Stadium,2,17.3,United Arab Emirates,Ireland,Zaheer Maqsood,Mohammad Naveed,CA Young,0,0,,,,,,,,,
954741,2015/16,2016-02-14,Sheikh Zayed Stadium,2,17.4,United Arab Emirates,Ireland,Zaheer Maqsood,Mohammad Naveed,CA Young,0,0,,,,,,lbw,Zaheer Maqsood,,
954741,2015/16,2016-02-14,Sheikh Zayed Stadium,2,17.5,United Arab Emirates,Ireland,Qadeer Ahmed,Mohammad Naveed,CA Young,4,0,,,,,,,,,
954741,2015/16,2016-02-14,Sheikh Zayed Stadium,2,17.6,United Arab Emirates,Ireland,Qadeer Ahmed,Mohammad Naveed,CA Young,0,0,,,,,,,,,
954741,2015/16,2016-02-14,Sheikh Zayed Stadium,2,18.1,United Arab Emirates,Ireland,Mohammad Naveed,Qadeer Ahmed,TJ Murtagh,6,0,,,,,,,,,
954741,2015/16,2016-02-14,Sheikh Zayed Stadium,2,18.2,United Arab Emirates,Ireland,Mohammad Naveed,Qadeer Ahmed,TJ Murtagh,0,1,1,,,,,,,,
954741,2015/16,2016-02-14,Sheikh Zayed Stadium,2,18.3,United Arab Emirates,Ireland,Mohammad Naveed,Qadeer Ahmed,TJ Murtagh,0,0,,,,,,,,,
954741,2015/16,2016-02-14,Sheikh Zayed Stadium,2,18.4,United Arab Emirates,Ireland,Mohammad Naveed,Qadeer Ahmed,TJ Murtagh,0,0,,,,,,,,,
954741,2015/16,2016-02-14,Sheikh Zayed Stadium,2,18.5,United Arab Emirates,Ireland,Mohammad Naveed,Qadeer Ahmed,TJ Murtagh,0,0,,,,,,,,,
954741,2015/16,2016-02-14,Sheikh Zayed Stadium,2,18.6,United Arab Emirates,Ireland,Mohammad Naveed,Qadeer Ahmed,TJ Murtagh,2,0,,,,,,,,,
954741,2015/16,2016-02-14,Sheikh Zayed Stadium,2,18.7,United Arab Emirates,Ireland,Mohammad Naveed,Qadeer Ahmed,TJ Murtagh,0,0,,,,,,,,,
954741,2015/16,2016-02-14,Sheikh Zayed Stadium,2,19.1,United Arab Emirates,Ireland,Qadeer Ahmed,Mohammad Naveed,MC Sorensen,1,0,,,,,,,,,
954741,2015/16,2016-02-14,Sheikh Zayed Stadium,2,19.2,United Arab Emirates,Ireland,Mohammad Naveed,Qadeer Ahmed,MC Sorensen,0,0,,,,,,caught,Mohammad Naveed,,
