match_id,season,start_date,venue,innings,ball,batting_team,bowling_team,striker,non_striker,bowler,runs_off_bat,extras,wides,noballs,byes,legbyes,penalty,wicket_type,player_dismissed,other_wicket_type,other_player_dismissed
966735,2015/16,2016-02-19,Khan Shaheb Osman Ali Stadium,1,0.1,Oman,Hong Kong,Zeeshan Maqsood,Jatinder Singh,Nadeem Ahmed,0,0,,,,,,,,,
966735,2015/16,2016-02-19,Khan Shaheb Osman Ali Stadium,1,0.2,Oman,Hong Kong,Zeeshan Maqsood,Jatinder Singh,Nadeem Ahmed,0,0,,,,,,,,,
966735,2015/16,2016-02-19,Khan Shaheb Osman Ali Stadium,1,0.3,Oman,Hong Kong,Zeeshan Maqsood,Jatinder Singh,Nadeem Ahmed,0,1,,,,1,,,,,
966735,2015/16,2016-02-19,Khan Shaheb Osman Ali Stadium,1,0.4,Oman,Hong Kong,Jatinder Singh,Zeeshan Maqsood,Nadeem Ahmed,0,0,,,,,,,,,
966735,2015/16,2016-02-19,Khan Shaheb Osman Ali Stadium,1,0.5,Oman,Hong Kong,Jatinder Singh,Zeeshan Maqsood,Nadeem Ahmed,0,0,,,,,,,,,
966735,2015/16,2016-02-19,Khan Shaheb Osman Ali Stadium,1,0.6,Oman,Hong Kong,Jatinder Singh,Zeeshan Maqsood,Nadeem Ahmed,4,0,,,,,,,,,
966735,2015/16,2016-02-19,Khan Shaheb Osman Ali Stadium,1,1.1,Oman,Hong Kong,Zeeshan Maqsood,Jatinder Singh,Tanwir Afzal,3,0,,,,,,,,,
966735,2015/16,2016-02-19,Khan Shaheb Osman Ali Stadium,1,1.2,Oman,Hong Kong,Jatinder Singh,Zeeshan Maqsood,Tanwir Afzal,1,0,,,,,,,,,
966735,2015/16,2016-02-19,Khan Shaheb Osman Ali Stadium,1,1.3,Oman,Hong Kong,Zeeshan Maqsood,Jatinder Singh,Tanwir Afzal,0,0,,,,,,,,,
966735,2015/16,2016-02-19,Khan Shaheb Osman Ali Stadium,1,1.4,Oman,Hong Kong,Zeeshan Maqsood,Jatinder Singh,Tanwir Afzal,1,0,,,,,,,,,
966735,2015/16,2016-02-19,Khan Shaheb Osman Ali Stadium,1,1.5,Oman,Hong Kong,Jatinder Singh,Zeeshan Maqsood,Tanwir Afzal,1,0,,,,,,,,,
966735,2015/16,2016-02-19,Khan Shaheb Osman Ali Stadium,1,1.6,Oman,Hong Kong,Zeeshan Maqsood,Jatinder Singh,Tanwir Afzal,2,0,,,,,,,,,
966735,2015/16,2016-02-19,Khan Shaheb Osman Ali Stadium,1,2.1,Oman,Hong Kong,Jatinder Singh,Zeeshan Maqsood,Haseeb Amjad,0,0,,,,,,,,,
966735,2015/16,2016-02-19,Khan Shaheb Osman Ali Stadium,1,2.2,Oman,Hong Kong,Jatinder Singh,Zeeshan Maqsood,Haseeb Amjad,0,1,,,,1,,,,,
966735,2015/16,2016-02-19,Khan Shaheb Osman Ali Stadium,1,2.3,Oman,Hong Kong,Zeeshan Maqsood,Jatinder Singh,Haseeb Amjad,4,0,,,,,,,,,
966735,2015/16,2016-02-19,Khan Shaheb Osman Ali Stadium,1,2.4,Oman,Hong Kong,Zeeshan Maqsood,Jatinder Singh,Haseeb Amjad,6,0,,,,,,,,,
966735,2015/16,2016-02-19,Khan Shaheb Osman Ali Stadium,1,2.5,Oman,Hong Kong,Zeeshan Maqsood,Jatinder Singh,Haseeb Amjad,0,0,,,,,,,,,
966735,2015/16,2016-02-19,Khan Shaheb Osman Ali Stadium,1,2.6,Oman,Hong Kong,Zeeshan Maqsood,Jatinder Singh,Haseeb Amjad,0,0,,,,,,,,,
966735,2015/16,2016-02-19,Khan Shaheb Osman Ali Stadium,1,3.1,Oman,Hong Kong,Jatinder Singh,Zeeshan Maqsood,Tanwir Afzal,0,0,,,,,,,,,
966735,2015/16,2016-02-19,Khan Shaheb Osman Ali Stadium,1,3.2,Oman,Hong Kong,Jatinder Singh,Zeeshan Maqsood,Tanwir Afzal,4,0,,,,,,,,,
966735,2015/16,2016-02-19,Khan Shaheb Osman Ali Stadium,1,3.3,Oman,Hong Kong,Jatinder Singh,Zeeshan Maqsood,Tanwir Afzal,0,0,,,,,,,,,
966735,2015/16,2016-02-19,Khan Shaheb Osman Ali Stadium,1,3.4,Oman,Hong Kong,Jatinder Singh,Zeeshan Maqsood,Tanwir Afzal,4,0,,,,,,,,,
966735,2015/16,2016-02-19,Khan Shaheb Osman Ali Stadium,1,3.5,Oman,Hong Kong,Jatinder Singh,Zeeshan Maqsood,Tanwir Afzal,1,0,,,,,,,,,
966735,2015/16,2016-02-19,Khan Shaheb Osman Ali Stadium,1,3.6,Oman,Hong Kong,Zeeshan Maqsood,Jatinder Singh,Tanwir Afzal,1,0,,,,,,,,,
966735,2015/16,2016-02-19,Khan Shaheb Osman Ali Stadium,1,4.1,Oman,Hong Kong,Zeeshan Maqsood,Jatinder Singh,Haseeb Amjad,0,0,,,,,,caught,Zeeshan Maqsood,,
966735,2015/16,2016-02-19,Khan Shaheb Osman Ali Stadium,1,4.2,Oman,Hong Kong,VS Wategaonkar,Jatinder Singh,Haseeb Amjad,1,0,,,,,,,,,
966735,2015/16,2016-02-19,Khan Shaheb Osman Ali Stadium,1,4.3,Oman,Hong Kong,Jatinder Singh,VS Wategaonkar,Haseeb Amjad,2,0,,,,,,,,,
966735,2015/16,2016-02-19,Khan Shaheb Osman Ali Stadium,1,4.4,Oman,Hong Kong,Jatinder Singh,VS Wategaonkar,Haseeb Amjad,0,0,,,,,,,,,
966735,2015/16,2016-02-19,Khan Shaheb Osman Ali Stadium,1,4.5,Oman,Hong Kong,Jatinder Singh,VS Wategaonkar,Haseeb Amjad,1,0,,,,,,,,,
966735,2015/16,2016-02-19,Khan Shaheb Osman Ali Stadium,1,4.6,Oman,Hong Kong,VS Wategaonkar,Jatinder Singh,Haseeb Amjad,1,0,,,,,,,,,
966735,2015/16,2016-02-19,Khan Shaheb Osman Ali Stadium,1,5.1,Oman,Hong Kong,VS Wategaonkar,Jatinder Singh,Tanwir Afzal,1,0,,,,,,,,,
966735,2015/16,2016-02-19,Khan Shaheb Osman Ali Stadium,1,5.2,Oman,Hong Kong,Jatinder Singh,VS Wategaonkar,Tanwir Afzal,4,0,,,,,,,,,
966735,2015/16,2016-02-19,Khan Shaheb Osman Ali Stadium,1,5.3,Oman,Hong Kong,Jatinder Singh,VS Wategaonkar,Tanwir Afzal,0,0,,,,,,,,,
966735,2015/16,2016-02-19,Khan Shaheb Osman Ali Stadium,1,5.4,Oman,Hong Kong,Jatinder Singh,VS Wategaonkar,Tanwir Afzal,1,0,,,,,,,,,
966735,2015/16,2016-02-19,Khan Shaheb Osman Ali Stadium,1,5.5,Oman,Hong Kong,VS Wategaonkar,Jatinder Singh,Tanwir Afzal,0,0,,,,,,,,,
966735,2015/16,2016-02-19,Khan Shaheb Osman Ali Stadium,1,5.6,Oman,Hong Kong,VS Wategaonkar,Jatinder Singh,Tanwir Afzal,1,0,,,,,,,,,
966735,2015/16,2016-02-19,Khan Shaheb Osman Ali Stadium,1,6.1,Oman,Hong Kong,VS Wategaonkar,Jatinder Singh,Aizaz Khan,1,0,,,,,,,,,
966735,2015/16,2016-02-19,Khan Shaheb Osman Ali Stadium,1,6.2,Oman,Hong Kong,Jatinder Singh,VS Wategaonkar,Aizaz Khan,0,0,,,,,,,,,
966735,2015/16,2016-02-19,Khan Shaheb Osman Ali Stadium,1,6.3,Oman,Hong Kong,Jatinder Singh,VS Wategaonkar,Aizaz Khan,0,0,,,,,,,,,
966735,2015/16,2016-02-19,Khan Shaheb Osman Ali Stadium,1,6.4,Oman,Hong Kong,Jatinder Singh,VS Wategaonkar,Aizaz Khan,0,0,,,,,,,,,
966735,2015/16,2016-02-19,Khan Shaheb Osman Ali Stadium,1,6.5,Oman,Hong Kong,Jatinder Singh,VS Wategaonkar,Aizaz Khan,0,0,,,,,,,,,
966735,2015/16,2016-02-19,Khan Shaheb Osman Ali Stadium,1,6.6,Oman,Hong Kong,Jatinder Singh,VS Wategaonkar,Aizaz Khan,1,0,,,,,,,,,
966735,2015/16,2016-02-19,Khan Shaheb Osman Ali Stadium,1,7.1,Oman,Hong Kong,Jatinder Singh,VS Wategaonkar,Tanwir Afzal,4,0,,,,,,,,,
966735,2015/16,2016-02-19,Khan Shaheb Osman Ali Stadium,1,7.2,Oman,Hong Kong,Jatinder Singh,VS Wategaonkar,Tanwir Afzal,0,0,,,,,,,,,
966735,2015/16,2016-02-19,Khan Shaheb Osman Ali Stadium,1,7.3,Oman,Hong Kong,Jatinder Singh,VS Wategaonkar,Tanwir Afzal,1,0,,,,,,,,,
966735,2015/16,2016-02-19,Khan Shaheb Osman Ali Stadium,1,7.4,Oman,Hong Kong,VS Wategaonkar,Jatinder Singh,Tanwir Afzal,1,0,,,,,,,,,
966735,2015/16,2016-02-19,Khan Shaheb Osman Ali Stadium,1,7.5,Oman,Hong Kong,Jatinder Singh,VS Wategaonkar,Tanwir Afzal,1,0,,,,,,,,,
966735,2015/16,2016-02-19,Khan Shaheb Osman Ali Stadium,1,7.6,Oman,Hong Kong,VS Wategaonkar,Jatinder Singh,Tanwir Afzal,1,0,,,,,,,,,
966735,2015/16,2016-02-19,Khan Shaheb Osman Ali Stadium,1,8.1,Oman,Hong Kong,VS Wategaonkar,Jatinder Singh,Aizaz Khan,0,0,,,,,,,,,
966735,2015/16,2016-02-19,Khan Shaheb Osman Ali Stadium,1,8.2,Oman,Hong Kong,VS Wategaonkar,Jatinder Singh,Aizaz Khan,4,0,,,,,,,,,
966735,2015/16,2016-02-19,Khan Shaheb Osman Ali Stadium,1,8.3,Oman,Hong Kong,VS Wategaonkar,Jatinder Singh,Aizaz Khan,1,0,,,,,,,,,
966735,2015/16,2016-02-19,Khan Shaheb Osman Ali Stadium,1,8.4,Oman,Hong Kong,Jatinder Singh,VS Wategaonkar,Aizaz Khan,1,0,,,,,,,,,
966735,2015/16,2016-02-19,Khan Shaheb Osman Ali Stadium,1,8.5,Oman,Hong Kong,VS Wategaonkar,Jatinder Singh,Aizaz Khan,1,0,,,,,,,,,
966735,2015/16,2016-02-19,Khan Shaheb Osman Ali Stadium,1,8.6,Oman,Hong Kong,Jatinder Singh,VS Wategaonkar,Aizaz Khan,1,0,,,,,,,,,
966735,2015/16,2016-02-19,Khan Shaheb Osman Ali Stadium,1,9.1,Oman,Hong Kong,Jatinder Singh,VS Wategaonkar,Anshuman Rath,0,0,,,,,,,,,
966735,2015/16,2016-02-19,Khan Shaheb Osman Ali Stadium,1,9.2,Oman,Hong Kong,Jatinder Singh,VS Wategaonkar,Anshuman Rath,1,0,,,,,,,,,
966735,2015/16,2016-02-19,Khan Shaheb Osman Ali Stadium,1,9.3,Oman,Hong Kong,VS Wategaonkar,Jatinder Singh,Anshuman Rath,1,0,,,,,,,,,
966735,2015/16,2016-02-19,Khan Shaheb Osman Ali Stadium,1,9.4,Oman,Hong Kong,Jatinder Singh,VS Wategaonkar,Anshuman Rath,6,0,,,,,,,,,
966735,2015/16,2016-02-19,Khan Shaheb Osman Ali Stadium,1,9.5,Oman,Hong Kong,Jatinder Singh,VS Wategaonkar,Anshuman Rath,2,0,,,,,,,,,
966735,2015/16,2016-02-19,Khan Shaheb Osman Ali Stadium,1,9.6,Oman,Hong Kong,Jatinder Singh,VS Wategaonkar,Anshuman Rath,1,0,,,,,,,,,
966735,2015/16,2016-02-19,Khan Shaheb Osman Ali Stadium,1,10.1,Oman,Hong Kong,Jatinder Singh,VS Wategaonkar,Nadeem Ahmed,0,0,,,,,,caught,Jatinder Singh,,
966735,2015/16,2016-02-19,Khan Shaheb Osman Ali Stadium,1,10.2,Oman,Hong Kong,Adnan Ilyas,VS Wategaonkar,Nadeem Ahmed,1,0,,,,,,,,,
966735,2015/16,2016-02-19,Khan Shaheb Osman Ali Stadium,1,10.3,Oman,Hong Kong,VS Wategaonkar,Adnan Ilyas,Nadeem Ahmed,0,0,,,,,,caught,VS Wategaonkar,,
966735,2015/16,2016-02-19,Khan Shaheb Osman Ali Stadium,1,10.4,Oman,Hong Kong,Adnan Ilyas,Aamir Kaleem,Nadeem Ahmed,0,0,,,,,,,,,
966735,2015/16,2016-02-19,Khan Shaheb Osman Ali Stadium,1,10.5,Oman,Hong Kong,Adnan Ilyas,Aamir Kaleem,Nadeem Ahmed,0,0,,,,,,,,,
966735,2015/16,2016-02-19,Khan Shaheb Osman Ali Stadium,1,10.6,Oman,Hong Kong,Adnan Ilyas,Aamir Kaleem,Nadeem Ahmed,1,0,,,,,,,,,
966735,2015/16,2016-02-19,Khan Shaheb Osman Ali Stadium,1,11.1,Oman,Hong Kong,Adnan Ilyas,Aamir Kaleem,Anshuman Rath,1,0,,,,,,,,,
966735,2015/16,2016-02-19,Khan Shaheb Osman Ali Stadium,1,11.2,Oman,Hong Kong,Aamir Kaleem,Adnan Ilyas,Anshuman Rath,1,0,,,,,,,,,
966735,2015/16,2016-02-19,Khan Shaheb Osman Ali Stadium,1,11.3,Oman,Hong Kong,Adnan Ilyas,Aamir Kaleem,Anshuman Rath,1,0,,,,,,,,,
966735,2015/16,2016-02-19,Khan Shaheb Osman Ali Stadium,1,11.4,Oman,Hong Kong,Aamir Kaleem,Adnan Ilyas,Anshuman Rath,1,0,,,,,,,,,
966735,2015/16,2016-02-19,Khan Shaheb Osman Ali Stadium,1,11.5,Oman,Hong Kong,Adnan Ilyas,Aamir Kaleem,Anshuman Rath,2,0,,,,,,,,,
966735,2015/16,2016-02-19,Khan Shaheb Osman Ali Stadium,1,11.6,Oman,Hong Kong,Adnan Ilyas,Aamir Kaleem,Anshuman Rath,1,0,,,,,,,,,
966735,2015/16,2016-02-19,Khan Shaheb Osman Ali Stadium,1,12.1,Oman,Hong Kong,Adnan Ilyas,Aamir Kaleem,Nadeem Ahmed,0,0,,,,,,,,,
966735,2015/16,2016-02-19,Khan Shaheb Osman Ali Stadium,1,12.2,Oman,Hong Kong,Adnan Ilyas,Aamir Kaleem,Nadeem Ahmed,2,0,,,,,,,,,
966735,2015/16,2016-02-19,Khan Shaheb Osman Ali Stadium,1,12.3,Oman,Hong Kong,Adnan Ilyas,Aamir Kaleem,Nadeem Ahmed,1,0,,,,,,,,,
966735,2015/16,2016-02-19,Khan Shaheb Osman Ali Stadium,1,12.4,Oman,Hong Kong,Aamir Kaleem,Adnan Ilyas,Nadeem Ahmed,4,0,,,,,,,,,
966735,2015/16,2016-02-19,Khan Shaheb Osman Ali Stadium,1,12.5,Oman,Hong Kong,Aamir Kaleem,Adnan Ilyas,Nadeem Ahmed,1,0,,,,,,,,,
966735,2015/16,2016-02-19,Khan Shaheb Osman Ali Stadium,1,12.6,Oman,Hong Kong,Adnan Ilyas,Aamir Kaleem,Nadeem Ahmed,2,0,,,,,,,,,
966735,2015/16,2016-02-19,Khan Shaheb Osman Ali Stadium,1,13.1,Oman,Hong Kong,Aamir Kaleem,Adnan Ilyas,Anshuman Rath,1,0,,,,,,,,,
966735,2015/16,2016-02-19,Khan Shaheb Osman Ali Stadium,1,13.2,Oman,Hong Kong,Adnan Ilyas,Aamir Kaleem,Anshuman Rath,0,0,,,,,,,,,
966735,2015/16,2016-02-19,Khan Shaheb Osman Ali Stadium,1,13.3,Oman,Hong Kong,Adnan Ilyas,Aamir Kaleem,Anshuman Rath,1,0,,,,,,,,,
966735,2015/16,2016-02-19,Khan Shaheb Osman Ali Stadium,1,13.4,Oman,Hong Kong,Aamir Kaleem,Adnan Ilyas,Anshuman Rath,6,0,,,,,,,,,
966735,2015/16,2016-02-19,Khan Shaheb Osman Ali Stadium,1,13.5,Oman,Hong Kong,Aamir Kaleem,Adnan Ilyas,Anshuman Rath,1,0,,,,,,,,,
966735,2015/16,2016-02-19,Khan Shaheb Osman Ali Stadium,1,13.6,Oman,Hong Kong,Adnan Ilyas,Aamir Kaleem,Anshuman Rath,6,0,,,,,,,,,
966735,2015/16,2016-02-19,Khan Shaheb Osman Ali Stadium,1,14.1,Oman,Hong Kong,Aamir Kaleem,Adnan Ilyas,Nadeem Ahmed,1,0,,,,,,,,,
966735,2015/16,2016-02-19,Khan Shaheb Osman Ali Stadium,1,14.2,Oman,Hong Kong,Adnan Ilyas,Aamir Kaleem,Nadeem Ahmed,4,0,,,,,,,,,
966735,2015/16,2016-02-19,Khan Shaheb Osman Ali Stadium,1,14.3,Oman,Hong Kong,Adnan Ilyas,Aamir Kaleem,Nadeem Ahmed,0,0,,,,,,lbw,Adnan Ilyas,,
966735,2015/16,2016-02-19,Khan Shaheb Osman Ali Stadium,1,14.4,Oman,Hong Kong,Mehran Khan,Aamir Kaleem,Nadeem Ahmed,0,0,,,,,,,,,
966735,2015/16,2016-02-19,Khan Shaheb Osman Ali Stadium,1,14.5,Oman,Hong Kong,Mehran Khan,Aamir Kaleem,Nadeem Ahmed,0,0,,,,,,,,,
966735,2015/16,2016-02-19,Khan Shaheb Osman Ali Stadium,1,14.6,Oman,Hong Kong,Mehran Khan,Aamir Kaleem,Nadeem Ahmed,6,0,,,,,,,,,
966735,2015/16,2016-02-19,Khan Shaheb Osman Ali Stadium,1,15.1,Oman,Hong Kong,Aamir Kaleem,Mehran Khan,MS Chapman,2,0,,,,,,,,,
966735,2015/16,2016-02-19,Khan Shaheb Osman Ali Stadium,1,15.2,Oman,Hong Kong,Aamir Kaleem,Mehran Khan,MS Chapman,0,0,,,,,,,,,
966735,2015/16,2016-02-19,Khan Shaheb Osman Ali Stadium,1,15.3,Oman,Hong Kong,Aamir Kaleem,Mehran Khan,MS Chapman,1,0,,,,,,,,,
966735,2015/16,2016-02-19,Khan Shaheb Osman Ali Stadium,1,15.4,Oman,Hong Kong,Mehran Khan,Aamir Kaleem,MS Chapman,6,0,,,,,,,,,
966735,2015/16,2016-02-19,Khan Shaheb Osman Ali Stadium,1,15.5,Oman,Hong Kong,Mehran Khan,Aamir Kaleem,MS Chapman,1,0,,,,,,,,,
966735,2015/16,2016-02-19,Khan Shaheb Osman Ali Stadium,1,15.6,Oman,Hong Kong,Aamir Kaleem,Mehran Khan,MS Chapman,0,0,,,,,,bowled,Aamir Kaleem,,
966735,2015/16,2016-02-19,Khan Shaheb Osman Ali Stadium,1,16.1,Oman,Hong Kong,Mehran Khan,Amir Ali,Aizaz Khan,1,0,,,,,,,,,
966735,2015/16,2016-02-19,Khan Shaheb Osman Ali Stadium,1,16.2,Oman,Hong Kong,Amir Ali,Mehran Khan,Aizaz Khan,1,0,,,,,,,,,
966735,2015/16,2016-02-19,Khan Shaheb Osman Ali Stadium,1,16.3,Oman,Hong Kong,Mehran Khan,Amir Ali,Aizaz Khan,1,0,,,,,,,,,
966735,2015/16,2016-02-19,Khan Shaheb Osman Ali Stadium,1,16.4,Oman,Hong Kong,Amir Ali,Mehran Khan,Aizaz Khan,0,1,1,,,,,,,,
966735,2015/16,2016-02-19,Khan Shaheb Osman Ali Stadium,1,16.5,Oman,Hong Kong,Amir Ali,Mehran Khan,Aizaz Khan,2,0,,,,,,,,,
966735,2015/16,2016-02-19,Khan Shaheb Osman Ali Stadium,1,16.6,Oman,Hong Kong,Amir Ali,Mehran Khan,Aizaz Khan,4,0,,,,,,,,,
966735,2015/16,2016-02-19,Khan Shaheb Osman Ali Stadium,1,16.7,Oman,Hong Kong,Amir Ali,Mehran Khan,Aizaz Khan,4,0,,,,,,,,,
966735,2015/16,2016-02-19,Khan Shaheb Osman Ali Stadium,1,17.1,Oman,Hong Kong,Mehran Khan,Amir Ali,Haseeb Amjad,2,0,,,,,,,,,
966735,2015/16,2016-02-19,Khan Shaheb Osman Ali Stadium,1,17.2,Oman,Hong Kong,Mehran Khan,Amir Ali,Haseeb Amjad,1,0,,,,,,,,,
966735,2015/16,2016-02-19,Khan Shaheb Osman Ali Stadium,1,17.3,Oman,Hong Kong,Amir Ali,Mehran Khan,Haseeb Amjad,6,0,,,,,,,,,
966735,2015/16,2016-02-19,Khan Shaheb Osman Ali Stadium,1,17.4,Oman,Hong Kong,Amir Ali,Mehran Khan,Haseeb Amjad,2,0,,,,,,,,,
966735,2015/16,2016-02-19,Khan Shaheb Osman Ali Stadium,1,17.5,Oman,Hong Kong,Amir Ali,Mehran Khan,Haseeb Amjad,1,0,,,,,,,,,
966735,2015/16,2016-02-19,Khan Shaheb Osman Ali Stadium,1,17.6,Oman,Hong Kong,Mehran Khan,Amir Ali,Haseeb Amjad,1,0,,,,,,,,,
966735,2015/16,2016-02-19,Khan Shaheb Osman Ali Stadium,1,18.1,Oman,Hong Kong,Mehran Khan,Amir Ali,Aizaz Khan,0,0,,,,,,,,,
966735,2015/16,2016-02-19,Khan Shaheb Osman Ali Stadium,1,18.2,Oman,Hong Kong,Mehran Khan,Amir Ali,Aizaz Khan,1,0,,,,,,,,,
966735,2015/16,2016-02-19,Khan Shaheb Osman Ali Stadium,1,18.3,Oman,Hong Kong,Amir Ali,Mehran Khan,Aizaz Khan,1,0,,,,,,,,,
966735,2015/16,2016-02-19,Khan Shaheb Osman Ali Stadium,1,18.4,Oman,Hong Kong,Mehran Khan,Amir Ali,Aizaz Khan,1,0,,,,,,,,,
966735,2015/16,2016-02-19,Khan Shaheb Osman Ali Stadium,1,18.5,Oman,Hong Kong,Amir Ali,Mehran Khan,Aizaz Khan,4,0,,,,,,,,,
966735,2015/16,2016-02-19,Khan Shaheb Osman Ali Stadium,1,18.6,Oman,Hong Kong,Amir Ali,Mehran Khan,Aizaz Khan,4,0,,,,,,,,,
966735,2015/16,2016-02-19,Khan Shaheb Osman Ali Stadium,1,19.1,Oman,Hong Kong,Mehran Khan,Amir Ali,Haseeb Amjad,0,1,,,,1,,,,,
966735,2015/16,2016-02-19,Khan Shaheb Osman Ali Stadium,1,19.2,Oman,Hong Kong,Amir Ali,Mehran Khan,Haseeb Amjad,2,0,,,,,,,,,
966735,2015/16,2016-02-19,Khan Shaheb Osman Ali Stadium,1,19.3,Oman,Hong Kong,Amir Ali,Mehran Khan,Haseeb Amjad,0,1,,,,1,,,,,
966735,2015/16,2016-02-19,Khan Shaheb Osman Ali Stadium,1,19.4,Oman,Hong Kong,Mehran Khan,Amir Ali,Haseeb Amjad,1,0,,,,,,,,,
966735,2015/16,2016-02-19,Khan Shaheb Osman Ali Stadium,1,19.5,Oman,Hong Kong,Amir Ali,Mehran Khan,Haseeb Amjad,1,0,,,,,,,,,
966735,2015/16,2016-02-19,Khan Shaheb Osman Ali Stadium,1,19.6,Oman,Hong Kong,Mehran Khan,Amir Ali,Haseeb Amjad,6,0,,,,,,,,,
966735,2015/16,2016-02-19,Khan Shaheb Osman Ali Stadium,2,0.1,Hong Kong,Oman,Anshuman Rath,KD Shah,Bilal Khan,4,0,,,,,,,,,
966735,2015/16,2016-02-19,Khan Shaheb Osman Ali Stadium,2,0.2,Hong Kong,Oman,Anshuman Rath,KD Shah,Bilal Khan,0,0,,,,,,,,,
966735,2015/16,2016-02-19,Khan Shaheb Osman Ali Stadium,2,0.3,Hong Kong,Oman,Anshuman Rath,KD Shah,Bilal Khan,0,0,,,,,,,,,
966735,2015/16,2016-02-19,Khan Shaheb Osman Ali Stadium,2,0.4,Hong Kong,Oman,Anshuman Rath,KD Shah,Bilal Khan,1,0,,,,,,,,,
966735,2015/16,2016-02-19,Khan Shaheb Osman Ali Stadium,2,0.5,Hong Kong,Oman,KD Shah,Anshuman Rath,Bilal Khan,0,0,,,,,,caught,KD Shah,,
966735,2015/16,2016-02-19,Khan Shaheb Osman Ali Stadium,2,0.6,Hong Kong,Oman,Babar Hayat,Anshuman Rath,Bilal Khan,0,0,,,,,,,,,
966735,2015/16,2016-02-19,Khan Shaheb Osman Ali Stadium,2,1.1,Hong Kong,Oman,Anshuman Rath,Babar Hayat,AV Lalcheta,0,0,,,,,,,,,
966735,2015/16,2016-02-19,Khan Shaheb Osman Ali Stadium,2,1.2,Hong Kong,Oman,Anshuman Rath,Babar Hayat,AV Lalcheta,0,0,,,,,,,,,
966735,2015/16,2016-02-19,Khan Shaheb Osman Ali Stadium,2,1.3,Hong Kong,Oman,Anshuman Rath,Babar Hayat,AV Lalcheta,1,0,,,,,,,,,
966735,2015/16,2016-02-19,Khan Shaheb Osman Ali Stadium,2,1.4,Hong Kong,Oman,Babar Hayat,Anshuman Rath,AV Lalcheta,1,0,,,,,,,,,
966735,2015/16,2016-02-19,Khan Shaheb Osman Ali Stadium,2,1.5,Hong Kong,Oman,Anshuman Rath,Babar Hayat,AV Lalcheta,0,0,,,,,,,,,
966735,2015/16,2016-02-19,Khan Shaheb Osman Ali Stadium,2,1.6,Hong Kong,Oman,Anshuman Rath,Babar Hayat,AV Lalcheta,0,0,,,,,,,,,
966735,2015/16,2016-02-19,Khan Shaheb Osman Ali Stadium,2,2.1,Hong Kong,Oman,Babar Hayat,Anshuman Rath,Bilal Khan,4,0,,,,,,,,,
966735,2015/16,2016-02-19,Khan Shaheb Osman Ali Stadium,2,2.2,Hong Kong,Oman,Babar Hayat,Anshuman Rath,Bilal Khan,0,0,,,,,,,,,
966735,2015/16,2016-02-19,Khan Shaheb Osman Ali Stadium,2,2.3,Hong Kong,Oman,Babar Hayat,Anshuman Rath,Bilal Khan,0,0,,,,,,,,,
966735,2015/16,2016-02-19,Khan Shaheb Osman Ali Stadium,2,2.4,Hong Kong,Oman,Babar Hayat,Anshuman Rath,Bilal Khan,4,0,,,,,,,,,
966735,2015/16,2016-02-19,Khan Shaheb Osman Ali Stadium,2,2.5,Hong Kong,Oman,Babar Hayat,Anshuman Rath,Bilal Khan,4,0,,,,,,,,,
966735,2015/16,2016-02-19,Khan Shaheb Osman Ali Stadium,2,2.6,Hong Kong,Oman,Babar Hayat,Anshuman Rath,Bilal Khan,1,0,,,,,,,,,
966735,2015/16,2016-02-19,Khan Shaheb Osman Ali Stadium,2,3.1,Hong Kong,Oman,Babar Hayat,Anshuman Rath,AV Lalcheta,0,1,,,,1,,,,,
966735,2015/16,2016-02-19,Khan Shaheb Osman Ali Stadium,2,3.2,Hong Kong,Oman,Anshuman Rath,Babar Hayat,AV Lalcheta,0,0,,,,,,,,,
966735,2015/16,2016-02-19,Khan Shaheb Osman Ali Stadium,2,3.3,Hong Kong,Oman,Anshuman Rath,Babar Hayat,AV Lalcheta,1,0,,,,,,,,,
966735,2015/16,2016-02-19,Khan Shaheb Osman Ali Stadium,2,3.4,Hong Kong,Oman,Babar Hayat,Anshuman Rath,AV Lalcheta,2,0,,,,,,,,,
966735,2015/16,2016-02-19,Khan Shaheb Osman Ali Stadium,2,3.5,Hong Kong,Oman,Babar Hayat,Anshuman Rath,AV Lalcheta,4,0,,,,,,,,,
966735,2015/16,2016-02-19,Khan Shaheb Osman Ali Stadium,2,3.6,Hong Kong,Oman,Babar Hayat,Anshuman Rath,AV Lalcheta,0,0,,,,,,,,,
966735,2015/16,2016-02-19,Khan Shaheb Osman Ali Stadium,2,4.1,Hong Kong,Oman,Anshuman Rath,Babar Hayat,M Ansari,1,0,,,,,,,,,
966735,2015/16,2016-02-19,Khan Shaheb Osman Ali Stadium,2,4.2,Hong Kong,Oman,Babar Hayat,Anshuman Rath,M Ansari,0,0,,,,,,,,,
966735,2015/16,2016-02-19,Khan Shaheb Osman Ali Stadium,2,4.3,Hong Kong,Oman,Babar Hayat,Anshuman Rath,M Ansari,6,0,,,,,,,,,
966735,2015/16,2016-02-19,Khan Shaheb Osman Ali Stadium,2,4.4,Hong Kong,Oman,Babar Hayat,Anshuman Rath,M Ansari,4,0,,,,,,,,,
966735,2015/16,2016-02-19,Khan Shaheb Osman Ali Stadium,2,4.5,Hong Kong,Oman,Babar Hayat,Anshuman Rath,M Ansari,4,0,,,,,,,,,
966735,2015/16,2016-02-19,Khan Shaheb Osman Ali Stadium,2,4.6,Hong Kong,Oman,Babar Hayat,Anshuman Rath,M Ansari,1,0,,,,,,,,,
966735,2015/16,2016-02-19,Khan Shaheb Osman Ali Stadium,2,5.1,Hong Kong,Oman,Babar Hayat,Anshuman Rath,Zeeshan Maqsood,2,0,,,,,,,,,
966735,2015/16,2016-02-19,Khan Shaheb Osman Ali Stadium,2,5.2,Hong Kong,Oman,Babar Hayat,Anshuman Rath,Zeeshan Maqsood,0,0,,,,,,,,,
966735,2015/16,2016-02-19,Khan Shaheb Osman Ali Stadium,2,5.3,Hong Kong,Oman,Babar Hayat,Anshuman Rath,Zeeshan Maqsood,4,0,,,,,,,,,
966735,2015/16,2016-02-19,Khan Shaheb Osman Ali Stadium,2,5.4,Hong Kong,Oman,Babar Hayat,Anshuman Rath,Zeeshan Maqsood,4,0,,,,,,,,,
966735,2015/16,2016-02-19,Khan Shaheb Osman Ali Stadium,2,5.5,Hong Kong,Oman,Babar Hayat,Anshuman Rath,Zeeshan Maqsood,3,0,,,,,,,,,
966735,2015/16,2016-02-19,Khan Shaheb Osman Ali Stadium,2,5.6,Hong Kong,Oman,Anshuman Rath,Babar Hayat,Zeeshan Maqsood,0,0,,,,,,,,,
966735,2015/16,2016-02-19,Khan Shaheb Osman Ali Stadium,2,6.1,Hong Kong,Oman,Babar Hayat,Anshuman Rath,Aamir Kaleem,1,0,,,,,,,,,
966735,2015/16,2016-02-19,Khan Shaheb Osman Ali Stadium,2,6.2,Hong Kong,Oman,Anshuman Rath,Babar Hayat,Aamir Kaleem,1,0,,,,,,,,,
966735,2015/16,2016-02-19,Khan Shaheb Osman Ali Stadium,2,6.3,Hong Kong,Oman,Babar Hayat,Anshuman Rath,Aamir Kaleem,1,0,,,,,,,,,
966735,2015/16,2016-02-19,Khan Shaheb Osman Ali Stadium,2,6.4,Hong Kong,Oman,Anshuman Rath,Babar Hayat,Aamir Kaleem,1,0,,,,,,,,,
966735,2015/16,2016-02-19,Khan Shaheb Osman Ali Stadium,2,6.5,Hong Kong,Oman,Babar Hayat,Anshuman Rath,Aamir Kaleem,1,0,,,,,,,,,
966735,2015/16,2016-02-19,Khan Shaheb Osman Ali Stadium,2,6.6,Hong Kong,Oman,Anshuman Rath,Babar Hayat,Aamir Kaleem,1,0,,,,,,,,,
966735,2015/16,2016-02-19,Khan Shaheb Osman Ali Stadium,2,7.1,Hong Kong,Oman,Anshuman Rath,Babar Hayat,Amir Ali,0,0,,,,,,stumped,Anshuman Rath,,
966735,2015/16,2016-02-19,Khan Shaheb Osman Ali Stadium,2,7.2,Hong Kong,Oman,MS Chapman,Babar Hayat,Amir Ali,0,0,,,,,,,,,
966735,2015/16,2016-02-19,Khan Shaheb Osman Ali Stadium,2,7.3,Hong Kong,Oman,MS Chapman,Babar Hayat,Amir Ali,0,0,,,,,,,,,
966735,2015/16,2016-02-19,Khan Shaheb Osman Ali Stadium,2,7.4,Hong Kong,Oman,MS Chapman,Babar Hayat,Amir Ali,0,0,,,,,,,,,
966735,2015/16,2016-02-19,Khan Shaheb Osman Ali Stadium,2,7.5,Hong Kong,Oman,MS Chapman,Babar Hayat,Amir Ali,4,0,,,,,,,,,
966735,2015/16,2016-02-19,Khan Shaheb Osman Ali Stadium,2,7.6,Hong Kong,Oman,MS Chapman,Babar Hayat,Amir Ali,2,0,,,,,,,,,
966735,2015/16,2016-02-19,Khan Shaheb Osman Ali Stadium,2,8.1,Hong Kong,Oman,Babar Hayat,MS Chapman,Aamir Kaleem,1,0,,,,,,,,,
966735,2015/16,2016-02-19,Khan Shaheb Osman Ali Stadium,2,8.2,Hong Kong,Oman,MS Chapman,Babar Hayat,Aamir Kaleem,1,0,,,,,,,,,
966735,2015/16,2016-02-19,Khan Shaheb Osman Ali Stadium,2,8.3,Hong Kong,Oman,Babar Hayat,MS Chapman,Aamir Kaleem,4,0,,,,,,,,,
966735,2015/16,2016-02-19,Khan Shaheb Osman Ali Stadium,2,8.4,Hong Kong,Oman,Babar Hayat,MS Chapman,Aamir Kaleem,1,0,,,,,,,,,
966735,2015/16,2016-02-19,Khan Shaheb Osman Ali Stadium,2,8.5,Hong Kong,Oman,MS Chapman,Babar Hayat,Aamir Kaleem,1,0,,,,,,run out,MS Chapman,,
966735,2015/16,2016-02-19,Khan Shaheb Osman Ali Stadium,2,8.6,Hong Kong,Oman,Babar Hayat,Nizakat Khan,Aamir Kaleem,0,0,,,,,,,,,
966735,2015/16,2016-02-19,Khan Shaheb Osman Ali Stadium,2,9.1,Hong Kong,Oman,Nizakat Khan,Babar Hayat,Zeeshan Maqsood,0,0,,,,,,stumped,Nizakat Khan,,
966735,2015/16,2016-02-19,Khan Shaheb Osman Ali Stadium,2,9.2,Hong Kong,Oman,Tanwir Afzal,Babar Hayat,Zeeshan Maqsood,0,0,,,,,,,,,
966735,2015/16,2016-02-19,Khan Shaheb Osman Ali Stadium,2,9.3,Hong Kong,Oman,Tanwir Afzal,Babar Hayat,Zeeshan Maqsood,1,0,,,,,,,,,
966735,2015/16,2016-02-19,Khan Shaheb Osman Ali Stadium,2,9.4,Hong Kong,Oman,Babar Hayat,Tanwir Afzal,Zeeshan Maqsood,1,0,,,,,,,,,
966735,2015/16,2016-02-19,Khan Shaheb Osman Ali Stadium,2,9.5,Hong Kong,Oman,Tanwir Afzal,Babar Hayat,Zeeshan Maqsood,0,0,,,,,,,,,
966735,2015/16,2016-02-19,Khan Shaheb Osman Ali Stadium,2,9.6,Hong Kong,Oman,Tanwir Afzal,Babar Hayat,Zeeshan Maqsood,0,0,,,,,,,,,
966735,2015/16,2016-02-19,Khan Shaheb Osman Ali Stadium,2,10.1,Hong Kong,Oman,Babar Hayat,Tanwir Afzal,Aamir Kaleem,6,0,,,,,,,,,
966735,2015/16,2016-02-19,Khan Shaheb Osman Ali Stadium,2,10.2,Hong Kong,Oman,Babar Hayat,Tanwir Afzal,Aamir Kaleem,1,0,,,,,,,,,
966735,2015/16,2016-02-19,Khan Shaheb Osman Ali Stadium,2,10.3,Hong Kong,Oman,Tanwir Afzal,Babar Hayat,Aamir Kaleem,0,0,,,,,,,,,
966735,2015/16,2016-02-19,Khan Shaheb Osman Ali Stadium,2,10.4,Hong Kong,Oman,Tanwir Afzal,Babar Hayat,Aamir Kaleem,1,0,,,,,,,,,
966735,2015/16,2016-02-19,Khan Shaheb Osman Ali Stadium,2,10.5,Hong Kong,Oman,Babar Hayat,Tanwir Afzal,Aamir Kaleem,2,0,,,,,,,,,
966735,2015/16,2016-02-19,Khan Shaheb Osman Ali Stadium,2,10.6,Hong Kong,Oman,Babar Hayat,Tanwir Afzal,Aamir Kaleem,3,0,,,,,,,,,
966735,2015/16,2016-02-19,Khan Shaheb Osman Ali Stadium,2,11.1,Hong Kong,Oman,Babar Hayat,Tanwir Afzal,Zeeshan Maqsood,1,0,,,,,,,,,
966735,2015/16,2016-02-19,Khan Shaheb Osman Ali Stadium,2,11.2,Hong Kong,Oman,Tanwir Afzal,Babar Hayat,Zeeshan Maqsood,6,0,,,,,,,,,
966735,2015/16,2016-02-19,Khan Shaheb Osman Ali Stadium,2,11.3,Hong Kong,Oman,Tanwir Afzal,Babar Hayat,Zeeshan Maqsood,1,0,,,,,,,,,
966735,2015/16,2016-02-19,Khan Shaheb Osman Ali Stadium,2,11.4,Hong Kong,Oman,Babar Hayat,Tanwir Afzal,Zeeshan Maqsood,1,0,,,,,,,,,
966735,2015/16,2016-02-19,Khan Shaheb Osman Ali Stadium,2,11.5,Hong Kong,Oman,Tanwir Afzal,Babar Hayat,Zeeshan Maqsood,1,0,,,,,,,,,
966735,2015/16,2016-02-19,Khan Shaheb Osman Ali Stadium,2,11.6,Hong Kong,Oman,Babar Hayat,Tanwir Afzal,Zeeshan Maqsood,2,0,,,,,,,,,
966735,2015/16,2016-02-19,Khan Shaheb Osman Ali Stadium,2,12.1,Hong Kong,Oman,Tanwir Afzal,Babar Hayat,M Ansari,0,0,,,,,,,,,
966735,2015/16,2016-02-19,Khan Shaheb Osman Ali Stadium,2,12.2,Hong Kong,Oman,Tanwir Afzal,Babar Hayat,M Ansari,0,0,,,,,,caught,Tanwir Afzal,,
966735,2015/16,2016-02-19,Khan Shaheb Osman Ali Stadium,2,12.3,Hong Kong,Oman,Aizaz Khan,Babar Hayat,M Ansari,0,0,,,,,,,,,
966735,2015/16,2016-02-19,Khan Shaheb Osman Ali Stadium,2,12.4,Hong Kong,Oman,Aizaz Khan,Babar Hayat,M Ansari,1,0,,,,,,,,,
966735,2015/16,2016-02-19,Khan Shaheb Osman Ali Stadium,2,12.5,Hong Kong,Oman,Babar Hayat,Aizaz Khan,M Ansari,1,0,,,,,,,,,
966735,2015/16,2016-02-19,Khan Shaheb Osman Ali Stadium,2,12.6,Hong Kong,Oman,Aizaz Khan,Babar Hayat,M Ansari,1,0,,,,,,,,,
966735,2015/16,2016-02-19,Khan Shaheb Osman Ali Stadium,2,13.1,Hong Kong,Oman,Aizaz Khan,Babar Hayat,AV Lalcheta,1,0,,,,,,,,,
966735,2015/16,2016-02-19,Khan Shaheb Osman Ali Stadium,2,13.2,Hong Kong,Oman,Babar Hayat,Aizaz Khan,AV Lalcheta,0,0,,,,,,,,,
966735,2015/16,2016-02-19,Khan Shaheb Osman Ali Stadium,2,13.3,Hong Kong,Oman,Babar Hayat,Aizaz Khan,AV Lalcheta,2,0,,,,,,,,,
966735,2015/16,2016-02-19,Khan Shaheb Osman Ali Stadium,2,13.4,Hong Kong,Oman,Babar Hayat,Aizaz Khan,AV Lalcheta,6,0,,,,,,,,,
966735,2015/16,2016-02-19,Khan Shaheb Osman Ali Stadium,2,13.5,Hong Kong,Oman,Babar Hayat,Aizaz Khan,AV Lalcheta,1,0,,,,,,,,,
966735,2015/16,2016-02-19,Khan Shaheb Osman Ali Stadium,2,13.6,Hong Kong,Oman,Aizaz Khan,Babar Hayat,AV Lalcheta,1,0,,,,,,,,,
966735,2015/16,2016-02-19,Khan Shaheb Osman Ali Stadium,2,14.1,Hong Kong,Oman,Aizaz Khan,Babar Hayat,M Ansari,1,0,,,,,,,,,
966735,2015/16,2016-02-19,Khan Shaheb Osman Ali Stadium,2,14.2,Hong Kong,Oman,Babar Hayat,Aizaz Khan,M Ansari,1,0,,,,,,,,,
966735,2015/16,2016-02-19,Khan Shaheb Osman Ali Stadium,2,14.3,Hong Kong,Oman,Aizaz Khan,Babar Hayat,M Ansari,4,0,,,,,,,,,
966735,2015/16,2016-02-19,Khan Shaheb Osman Ali Stadium,2,14.4,Hong Kong,Oman,Aizaz Khan,Babar Hayat,M Ansari,0,0,,,,,,,,,
966735,2015/16,2016-02-19,Khan Shaheb Osman Ali Stadium,2,14.5,Hong Kong,Oman,Aizaz Khan,Babar Hayat,M Ansari,0,0,,,,,,,,,
966735,2015/16,2016-02-19,Khan Shaheb Osman Ali Stadium,2,14.6,Hong Kong,Oman,Aizaz Khan,Babar Hayat,M Ansari,1,0,,,,,,,,,
966735,2015/16,2016-02-19,Khan Shaheb Osman Ali Stadium,2,15.1,Hong Kong,Oman,Aizaz Khan,Babar Hayat,Bilal Khan,2,0,,,,,,,,,
966735,2015/16,2016-02-19,Khan Shaheb Osman Ali Stadium,2,15.2,Hong Kong,Oman,Aizaz Khan,Babar Hayat,Bilal Khan,1,0,,,,,,,,,
966735,2015/16,2016-02-19,Khan Shaheb Osman Ali Stadium,2,15.3,Hong Kong,Oman,Babar Hayat,Aizaz Khan,Bilal Khan,1,0,,,,,,,,,
966735,2015/16,2016-02-19,Khan Shaheb Osman Ali Stadium,2,15.4,Hong Kong,Oman,Aizaz Khan,Babar Hayat,Bilal Khan,0,0,,,,,,,,,
966735,2015/16,2016-02-19,Khan Shaheb Osman Ali Stadium,2,15.5,Hong Kong,Oman,Aizaz Khan,Babar Hayat,Bilal Khan,1,0,,,,,,,,,
966735,2015/16,2016-02-19,Khan Shaheb Osman Ali Stadium,2,15.6,Hong Kong,Oman,Babar Hayat,Aizaz Khan,Bilal Khan,2,0,,,,,,,,,
966735,2015/16,2016-02-19,Khan Shaheb Osman Ali Stadium,2,16.1,Hong Kong,Oman,Aizaz Khan,Babar Hayat,M Ansari,1,0,,,,,,,,,
966735,2015/16,2016-02-19,Khan Shaheb Osman Ali Stadium,2,16.2,Hong Kong,Oman,Babar Hayat,Aizaz Khan,M Ansari,0,0,,,,,,run out,Aizaz Khan,,
966735,2015/16,2016-02-19,Khan Shaheb Osman Ali Stadium,2,16.3,Hong Kong,Oman,Babar Hayat,Waqas Khan,M Ansari,1,0,,,,,,,,,
966735,2015/16,2016-02-19,Khan Shaheb Osman Ali Stadium,2,16.4,Hong Kong,Oman,Waqas Khan,Babar Hayat,M Ansari,1,0,,,,,,,,,
966735,2015/16,2016-02-19,Khan Shaheb Osman Ali Stadium,2,16.5,Hong Kong,Oman,Babar Hayat,Waqas Khan,M Ansari,1,0,,,,,,,,,
966735,2015/16,2016-02-19,Khan Shaheb Osman Ali Stadium,2,16.6,Hong Kong,Oman,Waqas Khan,Babar Hayat,M Ansari,0,0,,,,,,,,,
966735,2015/16,2016-02-19,Khan Shaheb Osman Ali Stadium,2,17.1,Hong Kong,Oman,Babar Hayat,Waqas Khan,Zeeshan Maqsood,6,0,,,,,,,,,
966735,2015/16,2016-02-19,Khan Shaheb Osman Ali Stadium,2,17.2,Hong Kong,Oman,Babar Hayat,Waqas Khan,Zeeshan Maqsood,6,0,,,,,,,,,
966735,2015/16,2016-02-19,Khan Shaheb Osman Ali Stadium,2,17.3,Hong Kong,Oman,Babar Hayat,Waqas Khan,Zeeshan Maqsood,2,0,,,,,,,,,
966735,2015/16,2016-02-19,Khan Shaheb Osman Ali Stadium,2,17.4,Hong Kong,Oman,Babar Hayat,Waqas Khan,Zeeshan Maqsood,6,0,,,,,,,,,
966735,2015/16,2016-02-19,Khan Shaheb Osman Ali Stadium,2,17.5,Hong Kong,Oman,Babar Hayat,Waqas Khan,Zeeshan Maqsood,6,0,,,,,,,,,
966735,2015/16,2016-02-19,Khan Shaheb Osman Ali Stadium,2,17.6,Hong Kong,Oman,Babar Hayat,Waqas Khan,Zeeshan Maqsood,1,0,,,,,,,,,
966735,2015/16,2016-02-19,Khan Shaheb Osman Ali Stadium,2,18.1,Hong Kong,Oman,Babar Hayat,Waqas Khan,Bilal Khan,1,0,,,,,,,,,
966735,2015/16,2016-02-19,Khan Shaheb Osman Ali Stadium,2,18.2,Hong Kong,Oman,Waqas Khan,Babar Hayat,Bilal Khan,0,0,,,,,,,,,
966735,2015/16,2016-02-19,Khan Shaheb Osman Ali Stadium,2,18.3,Hong Kong,Oman,Waqas Khan,Babar Hayat,Bilal Khan,1,0,,,,,,,,,
966735,2015/16,2016-02-19,Khan Shaheb Osman Ali Stadium,2,18.4,Hong Kong,Oman,Babar Hayat,Waqas Khan,Bilal Khan,0,0,,,,,,,,,
966735,2015/16,2016-02-19,Khan Shaheb Osman Ali Stadium,2,18.5,Hong Kong,Oman,Babar Hayat,Waqas Khan,Bilal Khan,1,0,,,,,,,,,
966735,2015/16,2016-02-19,Khan Shaheb Osman Ali Stadium,2,18.6,Hong Kong,Oman,Waqas Khan,Babar Hayat,Bilal Khan,0,0,,,,,,,,,
966735,2015/16,2016-02-19,Khan Shaheb Osman Ali Stadium,2,19.1,Hong Kong,Oman,Babar Hayat,Waqas Khan,AV Lalcheta,1,0,,,,,,,,,
966735,2015/16,2016-02-19,Khan Shaheb Osman Ali Stadium,2,19.2,Hong Kong,Oman,Waqas Khan,Babar Hayat,AV Lalcheta,1,0,,,,,,,,,
966735,2015/16,2016-02-19,Khan Shaheb Osman Ali Stadium,2,19.3,Hong Kong,Oman,Babar Hayat,Waqas Khan,AV Lalcheta,2,0,,,,,,,,,
966735,2015/16,2016-02-19,Khan Shaheb Osman Ali Stadium,2,19.4,Hong Kong,Oman,Babar Hayat,Waqas Khan,AV Lalcheta,0,0,,,,,,caught,Babar Hayat,,
966735,2015/16,2016-02-19,Khan Shaheb Osman Ali Stadium,2,19.5,Hong Kong,Oman,Waqas Khan,Haseeb Amjad,AV Lalcheta,1,0,,,,,,,,,
966735,2015/16,2016-02-19,Khan Shaheb Osman Ali Stadium,2,19.6,Hong Kong,Oman,Haseeb Amjad,Waqas Khan,AV Lalcheta,4,0,,,,,,,,,
